sector,marketCap,trailingPE,forwardPE,trailingEps,currentPrice,regularMarketPrice,fiftyTwoWeekHigh,fiftyTwoWeekLow,targetMeanPrice,numberOfAnalystOpinions,recommendationMean,shortName,industry,freeCashflow,returnOnEquity,revenueGrowth,ticker,insider_buy_value,insider_sell_value,insider_net_value,insider_num_buyers,insider_num_sellers,long_term_downtrend,institutional_flow_pct,score_trend,price,sector_median_pe,valuation_discount,analyst_upside,drawdown,position_in_range,momentum_score,insider_intensity,congress_net,institutional_flow,fcf_yield,roe,growth,valuation_discount_percentile,analyst_upside_percentile,drawdown_percentile,momentum_score_percentile,insider_intensity_percentile,congress_net_percentile,institutional_flow_percentile,fcf_yield_percentile,roe_percentile,growth_percentile,score_trend_percentile,conviction_score,diamond_in_rough,smart_money_aligned
Technology,151758143488,15.060179,12.737982,26.92,405.42,405.42,799.87,112.52,673.5,24.0,1.53846,Western Digital Corporation,Computer Hardware,2268750080.0,1.30853,0.438,WDC,0.0,0.0,0.0,0,0,False,0.2209,2.5999999999999943,405.42,37.183266,0.5949742822483641,0.6612401953529672,0.4931426356782977,0.42612933730995856,0.42612933730995856,0.0,0.0,0.2209,0.01494977487108886,1.30853,0.438,96.0,99.3,98.8,41.5,72.6,50.1,75.6,27.5,97.9,91.2,70.5,80.6,True,True
Technology,1228779814912,14.637427,5.273044,74.33,1088.0,1088.0,1255.0,179.61,1535.5652,46.0,1.36735,"Micron Technology, Inc.",Semiconductors,29214251008.0,0.8826,3.793,MU,0.0,38756162.13,-38756162.13,0,1,False,0.423,7.5,1088.0,37.183266,0.6063436977268215,0.41136507352941176,0.13306772908366535,0.8447075014645851,0.8447075014645851,-3.154036358643762e-05,0.0,0.423,0.02377500887747916,0.8826,3.793,96.2,93.4,37.4,90.0,28.2,50.1,88.9,38.6,94.1,99.8,95.5,76.3,False,False
Technology,14249640960,10.6022415,8.905673,10.71,113.55,113.55,205.77,98.86,154.6,15.0,2.35294,"Leidos Holdings, Inc.",Information Technology Services,1146625024.0,0.27781,0.072,LDOS,0.0,0.0,0.0,0,0,False,0.0039,4.099999999999994,113.55,37.183266,0.7148652434135292,0.3615147512109203,0.44817028721387964,0.13740529417266856,0.13740529417266856,0.0,0.0,0.0039,0.08046694139302721,0.27781,0.072,99.1,88.9,98.1,13.0,72.6,50.1,43.4,89.6,72.5,39.5,81.3,75.6,True,True
Technology,31380588544,30.714872,13.509057,9.75,299.47,299.47,428.93,189.6,425.0,9.0,1.4,Jabil Inc.,Electronic Components,1275500032.0,0.66369003,0.286,JBL,149814.95,319856.73,-170041.78,1,1,False,0.2881,10.999999999999993,299.47,37.183266,0.17395981299759958,0.41917387384379057,0.30182080992236493,0.4590732461454896,0.4590732461454896,-5.4186931440618936e-06,0.0,0.2881,0.04064614754473357,0.66369003,0.286,70.4,94.1,87.2,46.0,43.1,50.1,81.5,62.8,91.5,83.5,99.1,75.1,True,True
Healthcare,11278564352,14.930743,10.311732,11.84,176.78,176.78,247.49,101.0,219.85715,7.0,2.375,DaVita Inc.,Medical Care Facilities,1042451584.0,0.88475,0.052,DVA,0.0,0.0,0.0,0,0,False,0.4027,-1.9000000000000057,176.78,27.553089999999997,0.4581100341195851,0.24367660368819996,0.28570851347529197,0.5173049354904772,0.5173049354904772,0.0,0.0,0.4027,0.09242768418616547,0.88475,0.052,89.6,69.2,84.6,52.1,72.6,50.1,87.4,92.2,94.3,28.3,30.3,74.1,True,True
Technology,247802462208,22.944956,6.423199,73.76,1692.42,1692.42,2354.39,116.17,2173.0,24.0,1.52,Sandisk Corporation,Computer Hardware,7720875008.0,0.9164,3.716,SNDK,0.0,54313668.27,-54313668.27,0,2,False,1.3277,1.9000000000000057,1692.42,37.183266,0.38292252219049294,0.28396024627456534,0.281164123191145,0.7042426571114547,0.7042426571114547,-0.00021918130992746267,0.0,1.3277,0.031157378095457603,0.9164,3.716,85.3,78.9,83.4,75.6,7.3,50.1,97.9,48.8,95.5,99.5,66.5,74.1,True,True
Consumer Cyclical,10946296832,11.369164,9.654536,7.07,80.38,80.38,122.29,77.2,120.40909,22.0,2.44444,Deckers Outdoor Corporation,Footwear & Accessories,871420352.0,0.42558,0.057,DECK,0.0,0.0,0.0,0,0,False,0.1105,0.7999999999999972,80.38,19.879007,0.42808189563995835,0.4979981338641455,0.3427099517540274,0.07052561543579491,0.07052561543579491,0.0,0.0,0.1105,0.07960869007795604,0.42558,0.057,86.7,96.9,92.2,7.8,72.6,50.1,57.8,89.1,83.9,30.6,56.2,74.0,True,True
Consumer Defensive,20218458112,10.598926,9.6516075,11.17,118.39,118.39,168.6,110.6,160.95651,23.0,2.04167,"Constellation Brands, Inc.",Beverages - Brewers,1130475008.0,0.24014999,0.061,STZ,0.0,0.0,0.0,0,0,False,0.328,-0.4000000000000057,118.39,22.329308,0.5253356709486922,0.3595448095278318,0.29780545670225383,0.1343103448275863,0.1343103448275863,0.0,0.0,0.328,0.055913017784924156,0.24014999,0.061,94.5,88.6,86.5,12.8,72.6,50.1,85.1,76.3,67.8,33.2,42.8,73.5,True,True
Technology,13402362880,13.093567,6.76619,1.71,22.39,22.39,31.65,17.78,32.55556,9.0,2.2,Gen Digital Inc.,Software - Infrastructure,1547124992.0,0.41944,0.063,GEN,0.0,0.0,0.0,0,0,False,-0.1955,-2.3999999999999915,22.39,37.183266,0.647863988063878,0.45402233139794546,0.2925750394944707,0.33237202595529924,0.33237202595529924,0.0,0.0,-0.1955,0.11543673349635493,0.41944,0.063,97.4,95.3,85.3,28.9,72.6,50.1,13.5,95.5,83.2,34.2,27.5,72.6,True,False
Industrials,7521180672,15.415042,13.542781,3.59,55.34,55.34,81.87,54.16,69.90909,11.0,2.53846,A.O. Smith Corporation,Specialty Industrial Machinery,484612512.0,0.27133,-0.007,AOS,0.0,0.0,0.0,0,0,False,0.7139,7.600000000000001,55.34,28.691016,0.46272233789141526,0.263265088543549,0.3240503236838891,0.04258390472753542,0.04258390472753542,0.0,0.0,0.7139,0.06443303693050814,0.27133,-0.007,90.8,73.5,89.3,6.4,72.6,50.1,96.0,81.5,71.8,6.2,95.7,72.0,True,True
Consumer Cyclical,23194179584,13.933853,10.199955,2.57,35.81,35.81,70.45,35.695,59.06842,19.0,1.80952,Las Vegas Sands Corp.,Resorts & Casinos,2212875008.0,1.22869,-0.007,LVS,0.0,0.0,0.0,0,0,False,-0.044,3.5999999999999943,35.81,19.879007,0.29906695037634434,0.6494951130969003,0.49169623846699784,0.003308876420658955,0.003308876420658955,0.0,0.0,-0.044,0.09540647902573383,1.22869,-0.007,81.3,98.8,98.6,0.7,72.6,50.1,26.8,92.9,97.6,6.2,78.7,71.8,True,False
Technology,19358533632,11.105426,7.7594414,16.22,180.13,180.13,320.95,168.6,275.738,30.0,1.86111,"First Solar, Inc.",Solar,1598684800.0,0.18509,-0.037,FSLR,0.0,0.0,0.0,0,0,False,-0.1317,2.5999999999999943,180.13,37.183266,0.7013326908938016,0.5307722200632876,0.4387599314534974,0.07568099770265836,0.07568099770265836,0.0,0.0,-0.1317,0.0825829492249013,0.18509,-0.037,98.6,97.6,97.6,8.8,72.6,50.1,19.2,90.3,57.3,3.3,70.5,71.7,True,False
Industrials,15768536064,25.79771,18.065453,5.24,135.18,135.18,210.33,123.64,198.8261,23.0,1.52174,"C.H. Robinson Worldwide, Inc.",Integrated Freight & Logistics,480618368.0,0.37123,0.193,CHRW,0.0,0.0,0.0,0,0,False,0.3313,4.5,135.18,28.691016,0.10084362296546077,0.47082482615771554,0.3572956782199401,0.13311800669050647,0.13311800669050647,0.0,0.0,0.3313,0.030479580732752035,0.37123,0.193,62.1,95.7,93.1,12.3,72.6,50.1,85.5,48.3,80.8,73.5,83.4,71.6,True,True
Technology,184812879872,20.545288,14.016865,10.93,224.56,224.56,269.11,146.32,283.36075,54.0,1.75,"Salesforce, Inc.",Software - Application,17731874816.0,0.19381,0.108,CRM,999450.85,0.0,999450.85,1,0,False,-0.0668,6.799999999999997,224.56,37.183266,0.44745875738833707,0.26184872639828993,0.1655456876370258,0.6371854385536281,0.6371854385536281,5.4079069093680704e-06,0.0,-0.0668,0.09594501653932866,0.19381,0.108,88.2,73.2,54.0,67.5,96.9,50.1,24.2,93.1,58.5,55.9,92.7,71.2,False,False
Basic Materials,54194073600,14.392226,12.711897,5.66,81.46,81.46,131.55,80.13,129.62708,24.0,1.30435,CRH PLC,Building Materials,2019124992.0,0.15812,0.056,CRH,0.0,0.0,0.0,0,0,False,0.1449,0.29999999999999716,81.46,28.9105875,0.50218147590394,0.5912973238399216,0.38076776890916014,0.0258654220147802,0.0258654220147802,0.0,0.0,0.1449,0.037257302466371524,0.15812,0.056,93.1,97.9,94.3,3.3,72.6,50.1,63.5,58.8,50.0,30.1,50.2,71.0,True,True
Consumer Cyclical,31068913664,16.168644,10.548346,16.01,258.86,258.86,342.0,185.34,338.77142,35.0,2.15789,"Expedia Group, Inc.",Travel Services,3434374912.0,0.89489,0.14,EXPE,0.0,0.0,0.0,0,0,False,-0.1063,3.1999999999999886,258.86,19.879007,0.18664730084354822,0.30870516881712107,0.24309941520467832,0.4692965658113112,0.4692965658113112,0.0,0.0,-0.1063,0.11054055346580914,0.89489,0.14,72.5,83.2,78.0,46.7,72.6,50.1,21.1,94.8,94.8,64.3,75.6,70.9,False,False
Industrials,68407222272,15.581673,13.863289,18.55,289.04,289.04,345.37,180.99113,354.95743,26.0,1.78571,FedEx Corporation,Integrated Freight & Logistics,5656625152.0,0.14846,0.125,FDX,0.0,0.0,0.0,0,0,False,0.3345,1.0,289.04,28.691016,0.4569145616871846,0.22805642817603086,0.163100443003156,0.6573160528479117,0.6573160528479117,0.0,0.0,0.3345,0.08269046694380007,0.14846,0.125,89.3,64.2,52.8,70.1,72.6,50.1,85.8,90.5,46.4,60.9,57.5,70.6,False,False
Energy,20400115712,7.596552,10.611626,11.6,88.12,88.12,126.621,83.25,123.22222,27.0,1.53571,Expand Energy Corporation,Oil & Gas E&P,1466249984.0,0.14893,-0.106,EXE,0.0,0.0,0.0,0,0,False,0.072,1.7000000000000028,88.12,16.9539385,0.5519299542109346,0.3983456650022695,0.30406488655120395,0.11228701205874905,0.11228701205874905,0.0,0.0,0.072,0.07187459153172866,0.14893,-0.106,95.3,92.4,87.9,11.1,72.6,50.1,52.8,85.3,46.9,0.5,63.4,70.5,True,True
Consumer Cyclical,22506536960,15.6011,12.744493,7.27,113.42,113.42,164.8,93.0,166.5,20.0,,"Tapestry, Inc.",Luxury Goods,1399924992.0,1.97135,0.089,TPR,0.0,670329.24,-670329.24,0,1,False,0.2298,-4.1000000000000085,113.42,19.879007,0.21519721784895998,0.4679950625991888,0.3117718446601942,0.2844011142061281,0.2844011142061281,-2.9783757545256755e-05,0.0,0.2298,0.06220081723314576,1.97135,0.089,74.9,95.5,88.6,24.9,29.1,50.1,76.3,80.6,98.8,46.4,16.4,69.9,True,True
Industrials,35759394816,10.315542,8.004988,10.68,110.17,110.17,138.77,84.64,153.69565,23.0,1.32,"United Airlines Holdings, Inc.",Airlines,910124992.0,0.23252001,0.16,UAL,0.0,0.0,0.0,0,0,False,-0.3356,4.099999999999994,110.17,28.691016,0.6404609024650783,0.3950771534900608,0.20609641853426539,0.4716423425087751,0.4716423425087751,0.0,0.0,-0.3356,0.025451353320800004,0.23252001,0.16,97.2,91.9,67.5,47.2,72.6,50.1,7.8,40.5,66.1,69.0,81.3,69.5,False,False
Technology,59314057216,20.087105,12.970563,11.71,235.22,235.22,339.95,183.0,310.51724,29.0,1.8,NXP Semiconductors N.V.,Semiconductors,3555000064.0,0.27921,0.195,NXPI,0.0,1031240.0,-1031240.0,0,2,False,0.0033,-1.0999999999999943,235.22,37.183266,0.45978104774335854,0.32011410594337225,0.30807471687012794,0.33271742593182546,0.33271742593182546,-1.7386097805526992e-05,0.0,0.0033,0.05993520306752911,0.27921,0.195,90.3,85.1,88.4,29.1,35.1,50.1,42.9,79.6,72.7,74.1,36.8,69.5,True,True
Industrials,34611273728,24.429016,21.35188,32.12,784.66,784.66,951.96,564.92,1033.2858,7.0,1.6,"EMCOR Group, Inc.",Engineering & Construction,978281600.0,0.40348998,0.198,EME,0.0,0.0,0.0,0,0,False,0.2972,0.0,784.66,28.691016,0.14854824241846298,0.3168580021920324,0.17574267826379267,0.5677449359239354,0.5677449359239354,0.0,0.0,0.2972,0.0282648251459346,0.40348998,0.198,68.0,84.6,58.5,58.5,72.6,50.1,82.2,44.3,82.2,74.9,47.0,68.6,False,False
Industrials,12387582976,15.803791,13.755411,22.68,358.43,358.43,587.27,350.22,472.64285,14.0,2.61111,"Lennox International, Inc.",Building Products & Equipment,277737504.0,0.71757007,0.03,LII,0.0,0.0,0.0,0,0,False,0.1196,2.6999999999999886,358.43,28.691016,0.44917283514811746,0.3186475741427894,0.389667444276057,0.034634043450748705,0.034634043450748705,0.0,0.0,0.1196,0.022420637225041826,0.71757007,0.03,88.9,84.8,95.5,4.7,72.6,50.1,58.3,36.5,92.2,17.3,71.3,68.5,True,True
Consumer Cyclical,7719952384,17.978416,14.569872,4.17,74.97,74.97,134.72,74.7,131.905,20.0,1.19048,"Wynn Resorts, Limited",Resorts & Casinos,476188864.0,,0.069,WYNN,0.0,0.0,0.0,0,0,False,121.6245,1.9000000000000057,74.97,19.879007,0.09560794460206197,0.759437108176604,0.4435124703087886,0.004498500499833323,0.004498500499833323,0.0,0.0,121.6245,0.061682875789095024,0.0,0.069,61.4,99.8,97.9,1.2,72.6,50.1,99.5,80.1,3.4,37.6,66.5,68.4,True,True
Industrials,12560203776,13.753296,10.064053,5.31,73.03,73.03,101.57,72.88,101.46667,15.0,2.1875,Textron Inc.,Aerospace & Defense,452750016.0,0.12126,0.03,TXT,0.0,0.0,0.0,0,0,False,0.1792,1.2000000000000028,73.03,28.691016,0.5206410257482691,0.38938340408051475,0.2809884808506448,0.00522830254444077,0.00522830254444077,0.0,0.0,0.1792,0.03604639097218418,0.12126,0.03,94.1,91.5,83.2,1.4,72.6,50.1,69.9,57.1,37.4,17.3,58.9,68.0,True,True
Healthcare,9936344064,24.325216,11.207855,5.75,139.87,139.87,200.44,124.91,201.7143,14.0,2.125,"Align Technology, Inc.",Medical Instruments & Supplies,594111360.0,0.10155,0.043,ALGN,0.0,0.0,0.0,0,0,False,0.4057,1.2000000000000028,139.87,27.553089999999997,0.11715107089622241,0.44215557303210123,0.30218519257633203,0.19806699324771623,0.19806699324771623,0.0,0.0,0.4057,0.05979174595538644,0.10155,0.043,64.2,94.8,87.4,19.0,72.6,50.1,88.3,79.4,30.6,22.4,58.9,67.9,True,True
Industrials,65958383616,7.6821704,21.146017,27.09,208.11,208.11,260.28317,195.86786,258.26086,23.0,2.0,Honeywell International Inc.,Conglomerates,2610374912.0,0.46577,0.043,HON,0.0,0.0,0.0,0,0,False,0.1394,2.0999999999999943,208.11,28.691016,0.7322447416989346,0.24098246119840452,0.20044772775742656,0.19005016043546186,0.19005016043546186,0.0,0.0,0.1394,0.03957608978408596,0.46577,0.043,99.8,68.7,66.8,17.3,72.6,50.1,62.3,62.1,87.2,22.4,67.5,67.6,False,False
Financial Services,56627535872,4.4807925,8.005382,49.98,223.95,223.95,277.22,188.08,270.77274,22.0,2.52,Allstate Corporation (The),Insurance - Property & Casualty,15158625280.0,0.46113998,0.118,ALL,0.0,0.0,0.0,0,0,False,-0.9807,5.899999999999999,223.95,13.749459,0.6741113595814934,0.20907675820495653,0.1921578529687614,0.40240071797172955,0.40240071797172955,0.0,0.0,-0.9807,0.2676900035746623,0.46113998,0.118,98.1,58.3,65.4,38.6,72.6,50.1,0.2,99.5,86.7,59.4,90.8,67.6,False,False
Basic Materials,17319135232,8.4896145,10.331094,13.48,114.44,114.44,141.96,75.42,127.686,20.0,2.81818,"CF Industries Holdings, Inc.",Agricultural Inputs,1276749952.0,0.29867,0.176,CF,0.0,0.0,0.0,0,0,False,0.7503,-1.0,114.44,28.9105875,0.7063492915873811,0.11574624257252718,0.19385742462665545,0.5864141869552147,0.5864141869552147,0.0,0.0,0.7503,0.07371903590434417,0.29867,0.176,98.8,24.6,65.9,61.1,72.6,50.1,96.4,86.5,74.4,71.7,37.7,67.6,False,False
Industrials,43505324032,23.55141,17.237055,9.92,233.63,233.63,379.23,233.01,330.86667,15.0,1.85,"L3Harris Technologies, Inc.",Aerospace & Defense,1608999936.0,0.0934,0.084,LHX,0.0,0.0,0.0,0,0,False,0.3299,1.2000000000000028,233.63,28.691016,0.17913642375020808,0.4161994178829774,0.3839358700524748,0.00424018602106418,0.00424018602106418,0.0,0.0,0.3299,0.03698397774986144,0.0934,0.084,71.1,93.8,94.8,0.9,72.6,50.1,85.3,58.3,27.3,44.8,58.9,67.4,True,True
Real Estate,75009802240,13.944248,29.171764,14.17,197.59,197.59,238.5,172.19,233.5,18.0,2.45,"Simon Property Group, Inc.",REIT - Retail,2595271168.0,1.20508,0.195,SPG,218394.06,0.0,218394.06,5,0,False,0.0012,8.700000000000003,197.59,29.072845,0.5203686464121416,0.18173996659749986,0.17153039832285114,0.38304931382898516,0.38304931382898516,2.911540271779818e-06,0.0,0.0012,0.034599093591744415,1.20508,0.195,93.6,49.1,56.9,35.5,96.2,50.1,42.7,55.5,97.4,74.1,98.1,67.2,False,False
Utilities,38400274432,9.268116,7.0991664,1.38,12.79,12.79,19.16,11.77,18.8125,16.0,2.17647,Pacific Gas & Electric Co.,Utilities - Regulated Electric,-6150125056.0,0.09318,0.001,PCG,91500.0,89440.0,2060.0,1,1,False,0.0945,4.400000000000006,12.79,20.088757,0.5386416392014698,0.4708756841282253,0.33246346555323597,0.13802435723951278,0.13802435723951278,5.364544994718438e-08,0.0,0.0945,-0.16015836206823908,0.09318,0.001,95.0,96.0,91.0,13.5,94.3,50.1,55.9,2.6,27.0,8.2,82.9,67.0,True,True
Consumer Cyclical,6910776832,9.290124,9.069161,1.62,15.05,15.05,25.13,13.63,20.08,25.0,2.2963,Norwegian Cruise Line Holdings ,Travel Services,-1680301312.0,0.3673,0.049,NCLH,0.0,0.0,0.0,0,0,False,0.0592,0.30000000000001137,15.05,19.879007,0.5326665964753672,0.3342192691029899,0.40111420612813364,0.12347826086956523,0.12347826086956523,0.0,0.0,0.0592,-0.2431421753079119,0.3673,0.049,94.8,86.7,96.2,12.1,72.6,50.1,50.9,1.4,80.6,26.2,51.4,66.2,True,True
Industrials,265558556672,28.586296,39.60673,34.88,997.09,997.09,1195.94,530.16,1230.341,33.0,1.54054,GE Vernova Inc.,Specialty Industrial Machinery,15722125312.0,0.82577,0.219,GEV,0.0,0.0,0.0,0,0,False,0.5476,-5.799999999999997,997.09,28.691016,0.0036499230281702246,0.23393174136737893,0.1662708831546733,0.7013277659286852,0.7013277659286852,0.0,0.0,0.5476,0.059203986906055175,0.82577,0.219,52.6,65.9,54.5,74.9,72.6,50.1,93.4,78.4,93.6,77.5,11.0,66.0,False,False
Consumer Cyclical,7675536896,18.518518,15.188951,1.62,30.0,30.0,51.59,29.19,49.33158,19.0,2.3913,MGM Resorts International,Resorts & Casinos,878991104.0,0.18924999,0.01,MGM,0.0,0.0,0.0,0,0,False,0.061,-0.9000000000000057,30.0,19.879007,0.06843847884353585,0.6443860000000001,0.41849195580538867,0.03616071428571423,0.03616071428571423,0.0,0.0,0.061,0.11451851719429218,0.18924999,0.01,57.8,98.6,96.4,5.5,72.6,50.1,51.2,95.3,57.6,10.7,38.3,65.8,True,True
Healthcare,29210548224,14.866667,11.953987,4.35,64.67,64.67,89.77,58.75,82.9,20.0,1.7619,GE HealthCare Technologies Inc.,Medical Devices,1573124992.0,0.19376,0.058,GEHC,0.0,0.0,0.0,0,0,False,-0.337,6.899999999999999,64.67,27.553089999999997,0.460435580909437,0.28189268594402356,0.2796034309903085,0.19084461637653136,0.19084461637653136,0.0,0.0,-0.337,0.05385468906425685,0.19376,0.058,90.5,78.4,82.9,17.5,72.6,50.1,7.6,74.6,58.3,31.3,93.4,65.8,True,False
Industrials,54562983936,13.759536,10.517523,6.03,82.97,82.97,95.68,55.03,101.6875,24.0,1.32,"Delta Air Lines, Inc.",Airlines,2817374976.0,0.20125,0.187,DAL,0.0,30195319.74,-30195319.74,0,5,False,8.8272,1.4000000000000057,82.97,28.691016,0.5204235360643903,0.2255935880438713,0.13283862876254188,0.6873308733087329,0.6873308733087329,-0.0005534030135781759,0.0,8.8272,0.05163528041839973,0.20125,0.187,93.8,62.6,37.0,73.5,3.3,50.1,99.3,73.0,60.7,73.2,61.8,65.5,False,False
Consumer Defensive,169015181312,16.216251,13.8863325,7.63,123.73,123.73,171.48,123.47,148.63635,22.0,2.75,"Pepsico, Inc.",Beverages - Non-Alcoholic,7831875072.0,0.51508,0.064,PEP,0.0,0.0,0.0,0,0,False,0.3238,5.199999999999996,123.73,22.329308,0.27376831382324973,0.20129596702497363,0.27845812922789825,0.005415538429493963,0.005415538429493963,0.0,0.0,0.3238,0.04633829346691912,0.51508,0.064,79.6,56.2,82.5,1.7,72.6,50.1,84.5,67.1,88.9,34.8,87.9,65.5,True,True
Technology,10214617088,20.872494,18.432789,6.98,145.69,145.69,193.39,121.04,189.72221,18.0,1.75,"Jack Henry & Associates, Inc.",Information Technology Services,352223744.0,0.24040002,0.047,JKHY,0.0,0.0,0.0,0,0,False,-0.1138,2.700000000000003,145.69,37.183266,0.43865893867418754,0.30223220536756124,0.2466518434252029,0.3407049067035245,0.3407049067035245,0.0,0.0,-0.1138,0.03448232478668123,0.24040002,0.047,87.2,82.7,78.9,30.3,72.6,50.1,20.6,54.7,68.2,24.3,72.4,65.4,False,False
Communication Services,167677870080,8.075908,9.529892,3.03,24.47,24.47,29.44,19.89,28.77083,24.0,2.0,AT&T Inc.,Telecom Services,10142000128.0,0.18339,0.023,T,0.0,0.0,0.0,0,0,False,0.3719,2.6000000000000085,24.47,21.6095,0.6262797380781601,0.175759297098488,0.16881793478260876,0.47958115183246053,0.47958115183246053,0.0,0.0,0.3719,0.06048502478687973,0.18339,0.023,96.7,47.2,55.0,48.3,72.6,50.1,86.5,79.9,55.9,15.3,71.1,65.3,False,False
Industrials,115215360000,18.401033,15.272,27.13,499.22,499.22,692.0,437.25,630.85,20.0,2.36364,Lockheed Martin Corporation,Aerospace & Defense,5562625024.0,0.89165,0.105,LMT,0.0,117622.54,-117622.54,0,2,False,-0.0197,0.4000000000000057,499.22,28.691016,0.358648261183919,0.26367132727054204,0.27858381502890167,0.24325809617271846,0.24325809617271846,-1.020892874005688e-06,0.0,-0.0197,0.048280238190463495,0.89165,0.105,84.1,73.7,82.7,22.0,48.6,50.1,30.1,68.2,94.5,54.3,52.3,65.1,True,False
Communication Services,94496432128,21.621061,13.407027,13.01,281.29,281.29,738.01,266.84,495.7229,31.0,1.57576,Applovin Corporation,Advertising Agencies,3179956224.0,2.03686,0.528,APP,0.0,0.0,0.0,0,0,False,-0.392,0.3999999999999915,281.29,21.6095,-0.0005349961822346827,0.7623196700913646,0.618853403070419,0.03066833626928719,0.03066833626928719,0.0,0.0,-0.392,0.0336516009376163,2.03686,0.528,49.3,100.0,99.8,4.0,72.6,50.1,5.9,53.8,99.1,94.2,51.7,65.0,False,False
Technology,435202293760,22.501566,13.054243,6.38,143.56,143.56,322.54,114.5,237.97415,41.0,1.5814,Oracle Corporation,Software - Infrastructure,-45853626368.0,0.41192,0.296,ORCL,3483800.0,3819296.28,-335496.28,1,2,False,-0.3732,-0.3999999999999915,143.56,37.183266,0.39484697229124527,0.6576633463360267,0.5549079183977181,0.13968467602384158,0.13968467602384158,-7.708973155941485e-07,0.0,-0.3732,-0.10536163762336877,0.41192,0.296,85.8,99.1,99.5,13.7,49.3,50.1,6.9,3.3,82.7,83.9,44.5,64.9,True,False
Technology,27138533376,46.32857,24.119864,2.8,129.72,129.72,177.28,70.5,174.25,8.0,1.25,"Qnity Electronics, Inc.",Semiconductor Equipment & Materials,772249984.0,0.06722,0.221,Q,138136.0,0.0,138136.0,1,0,,0.6072,3.299999999999997,129.72,37.183266,-0.24595214417152048,0.34327782917052113,0.2682761732851986,0.5545982393706687,0.5545982393706687,5.090031877778656e-06,0.0,0.6072,0.02845584812195269,0.06722,0.221,32.0,87.4,81.8,56.4,96.7,50.1,94.3,44.8,15.4,77.7,76.4,64.9,False,False
Basic Materials,23359285248,15.097701,12.156297,6.96,105.08,105.08,133.43,93.39,125.71429,21.0,2.08333,"PPG Industries, Inc.",Specialty Chemicals,1104625024.0,0.19297001,0.072,PPG,0.0,0.0,0.0,0,0,False,0.1448,4.699999999999996,105.08,28.9105875,0.4777795158953445,0.19636743433574427,0.21247095855504763,0.29195804195804187,0.29195804195804187,0.0,0.0,0.1448,0.047288477034826096,0.19297001,0.072,92.4,54.5,70.4,25.6,72.6,50.1,63.3,67.5,58.1,39.5,85.0,64.8,False,False
Industrials,56247361536,22.496841,14.887073,4.75,106.86,106.86,139.24,92.25,141.4375,16.0,2.21053,PACCAR Inc.,Farm & Heavy Construction Machinery,1943650048.0,0.12755999,0.005,PCAR,0.0,0.0,0.0,0,0,False,0.1691,3.6999999999999957,106.86,28.691016,0.21589249401275998,0.32357757813962196,0.2325481183567941,0.31091721642902737,0.31091721642902737,0.0,0.0,0.1691,0.03455539948760095,0.12755999,0.005,75.1,85.3,75.1,27.3,72.6,50.1,68.0,55.0,40.5,9.4,79.6,64.7,False,False
Industrials,71216586752,26.43434,14.8604355,19.57,517.32,517.32,737.76,400.72,743.0842,19.0,1.86957,Cummins Inc.,Specialty Industrial Machinery,2229374976.0,0.21114,0.094,CMI,0.0,399410.33,-399410.33,0,1,False,0.2411,-0.6000000000000085,517.32,28.691016,0.0786544470924279,0.43641111884326905,0.2987963565387117,0.3459530026109662,0.3459530026109662,-5.608389115739013e-06,0.0,0.2411,0.031304153676494355,0.21114,0.094,59.7,94.5,86.7,31.5,42.9,50.1,77.3,49.1,62.6,48.6,40.8,64.7,True,True
Industrials,67261157376,15.049587,15.549789,31.46,473.46,473.46,774.0,470.06,634.04346,23.0,2.0,Northrop Grumman Corporation,Aerospace & Defense,2478000128.0,0.26958,0.051,NOC,0.0,52014.91,-52014.91,0,1,False,-0.2471,1.7999999999999972,473.46,28.691016,0.4754599488564643,0.3391700671651248,0.38829457364341086,0.011186418372047039,0.011186418372047039,-7.733276088192896e-07,0.0,-0.2471,0.036841473216816745,0.26958,0.051,91.9,87.2,95.0,1.9,49.1,50.1,11.1,57.8,71.6,27.6,64.2,64.3,True,False
Consumer Defensive,20270489600,21.01793,9.368657,5.02,105.51,105.51,134.87,79.11,141.77779,9.0,1.55556,Bunge Limited,Farm Products,-6475375104.0,0.071779996,0.883,BG,0.0,0.0,0.0,0,0,False,1.6994,4.600000000000001,105.51,22.329308,0.058729003155852444,0.343737939531798,0.21769110995773708,0.47345767575322817,0.47345767575322817,0.0,0.0,1.6994,-0.3194483819473211,0.071779996,0.883,57.1,87.7,72.0,47.6,72.6,50.1,98.1,0.7,17.5,97.9,84.5,64.3,False,False
Industrials,23773628416,24.242859,16.354761,4.2,101.82,101.82,154.27,98.58,151.3125,16.0,1.85714,Xylem Inc.,Specialty Industrial Machinery,1183750016.0,0.09182999,0.015,XYL,0.0,0.0,0.0,0,0,False,0.0856,0.5,101.82,28.691016,0.15503658009183088,0.4860783736004715,0.3399883321449408,0.058179206320703794,0.058179206320703794,0.0,0.0,0.0856,0.04979256827297422,0.09182999,0.015,68.7,96.2,91.7,7.1,72.6,50.1,54.7,70.6,26.5,13.2,53.1,64.2,True,True
Industrials,10271597568,15.534565,12.485907,16.78,260.67,260.67,460.0,256.79,367.25,12.0,2.08333,"Huntington Ingalls Industries, ",Aerospace & Defense,-300249984.0,0.12968001,0.109,HII,0.0,0.0,0.0,0,0,False,-0.1319,2.799999999999997,260.67,28.691016,0.45855646938400507,0.4088694517972915,0.4333260869565217,0.019093548545839258,0.019093548545839258,0.0,0.0,-0.1319,-0.029231089128276877,0.12968001,0.109,90.0,92.9,97.4,2.8,72.6,50.1,19.0,8.3,41.7,56.8,73.1,64.0,True,False
Industrials,78518632448,17.154274,11.451438,5.38,92.29,92.29,122.41,82.0,115.23077,26.0,2.17241,"United Parcel Service, Inc.",Integrated Freight & Logistics,5593999872.0,0.29602,0.076,UPS,0.0,0.0,0.0,0,0,False,-0.7981,1.6000000000000014,92.29,28.691016,0.4021029440017042,0.24857265142485643,0.2460583285679274,0.2546399406087604,0.2546399406087604,0.0,0.0,-0.7981,0.07124423461787494,0.29602,0.076,86.0,70.4,78.4,22.5,72.6,50.1,2.1,84.8,73.7,41.0,62.8,63.9,False,False
Financial Services,57373569024,14.910144,13.368367,18.14,270.47,270.47,382.34,266.33,368.6842,19.0,2.14286,Aon plc,Insurance Brokers,3190874880.0,0.44699,0.022,AON,6549688.29,1443250.0,5106438.29,1,1,False,0.169,-2.5,270.47,13.749459,-0.08441677596187609,0.3631241912226862,0.29259298007009454,0.03568657874321217,0.03568657874321217,8.900332290403478e-05,0.0,0.169,0.05561576409278673,0.44699,0.022,42.7,89.1,85.5,5.0,99.1,50.1,67.8,76.1,86.0,14.6,25.9,63.2,False,False
Industrials,94895734784,55.766968,26.855124,4.42,246.49,246.49,379.935,147.82,337.42856,28.0,1.36667,"Vertiv Holdings, LLC",Electrical Equipment & Parts,2696537600.0,0.43943,0.241,VRT,0.0,0.0,0.0,0,0,False,0.6438,0.4000000000000057,246.49,28.691016,-0.9437083719865479,0.36893407440464115,0.35123113164093855,0.42509101092131063,0.42509101092131063,0.0,0.0,0.6438,0.028415793461506057,0.43943,0.241,12.6,90.0,92.7,41.2,72.6,50.1,95.0,44.5,85.1,79.7,52.3,63.1,False,False
Consumer Cyclical,35161554944,11.519824,10.211174,2.27,26.15,26.15,34.03,21.45,33.93077,26.0,1.55172,Carnival Corporation Ltd.,Travel Services,1807624960.0,0.23998,0.035,CCL,0.0,0.0,0.0,0,0,False,-0.517,-1.8999999999999986,26.15,19.879007,0.42050304625376916,0.2975437858508606,0.23156038789303562,0.3736089030206676,0.3736089030206676,0.0,0.0,-0.517,0.051409130309478954,0.23998,0.035,86.3,82.0,74.6,33.9,72.6,50.1,4.7,72.3,67.5,19.0,30.8,63.1,False,False
Real Estate,15273517056,23.72477,36.376938,1.09,25.86,25.86,30.893,24.25,33.52174,23.0,2.08,Invitation Homes Inc.,REIT - Residential,1168785536.0,0.070539996,0.101,INVH,0.0,0.0,0.0,0,0,False,0.1019,4.599999999999994,25.86,29.072845,0.183954305125625,0.29627764887857705,0.1629171657009679,0.24236037934668062,0.24236037934668062,0.0,0.0,0.1019,0.0765236671890747,0.070539996,0.101,71.8,81.8,52.6,21.6,72.6,50.1,57.3,87.4,17.1,51.9,84.1,63.1,False,False
Consumer Cyclical,101853741056,15.345731,13.964615,11.83,181.54,181.54,293.06,178.45,249.39394,33.0,1.8,"Lowe's Companies, Inc.",Home Improvement Retail,4615374848.0,,0.083,LOW,0.0,0.0,0.0,0,0,False,-0.0869,4.0,181.54,19.879007,0.22804338264984766,0.3737685358598656,0.3805364089264997,0.02696099816769918,0.02696099816769918,0.0,0.0,-0.0869,0.04531374891239812,0.0,0.083,76.3,90.5,94.1,3.8,72.6,50.1,23.0,66.6,3.4,44.4,80.8,63.0,True,False
Basic Materials,119636221952,14.317781,11.097059,7.93,113.54,113.54,135.29,76.05,137.7381,21.0,1.56522,Newmont Corporation,Gold,8815875072.0,0.25905,0.151,NEM,0.0,1636608.42,-1636608.42,0,2,False,-0.2532,1.8000000000000043,113.54,28.9105875,0.5047564841081144,0.21312400915976745,0.16076576243624796,0.6328494260634708,0.6328494260634708,-1.3679873814944055e-05,0.0,-0.2532,0.07368901264315311,0.25905,0.151,93.4,59.2,52.1,67.1,36.7,50.1,10.7,86.3,70.4,67.5,65.2,63.0,False,False
Industrials,20909221888,31.669985,22.358578,7.03,222.64,222.64,299.76,136.46,292.78262,23.0,2.0,"J.B. Hunt Transport Services, I",Integrated Freight & Logistics,903028352.0,0.18448,0.194,JBHT,0.0,0.0,0.0,0,0,False,,1.5,222.64,28.691016,-0.10382933110490054,0.31504949694574214,0.2572724846543902,0.5277403551745253,0.5277403551745253,0.0,0.0,0.0,0.0431880419480486,0.18448,0.194,41.5,84.1,80.3,53.1,72.6,50.1,37.9,65.4,57.1,73.7,62.3,62.6,False,False
Energy,55004069888,17.816721,18.750507,3.11,55.41,55.41,70.41,43.92,71.16667,24.0,1.68,Baker Hughes Company,Oil & Gas Equipment & Services,4415000064.0,0.16463,-0.024,BKR,0.0,0.0,0.0,0,0,False,0.4811,0.10000000000000142,55.41,16.9539385,-0.05088979767149689,0.28436509655296877,0.2130379207498935,0.4337485843714608,0.4337485843714608,0.0,0.0,0.4811,0.08026678885744055,0.16463,-0.024,44.5,79.1,70.9,42.7,72.6,50.1,91.2,89.3,50.9,4.1,48.6,62.2,False,False
Consumer Cyclical,19059877888,17.336132,9.5362015,2.38,41.26,41.26,50.94,36.25,49.7625,12.0,2.07143,Amcor plc,Packaging & Containers,1504000000.0,0.09396,0.259,AMCR,0.0,0.0,0.0,0,0,False,0.1229,7.799999999999997,41.26,19.879007,0.12791760674967326,0.20607125545322358,0.1900274833137024,0.3410483321987746,0.3410483321987746,0.0,0.0,0.1229,0.07890921488783045,0.09396,0.259,65.6,57.6,64.7,30.6,72.6,50.1,59.0,88.4,27.7,82.0,96.1,62.2,False,False
Technology,5734188187648,30.021492,14.921518,7.91,237.47,237.47,243.37,164.27,328.71695,59.0,1.29508,NVIDIA Corporation,Semiconductors,41809874944.0,1.17211,1.059,NVDA,0.0,306933627.99,-306933627.99,0,2,False,0.1322,-0.3999999999999986,237.47,37.183266,0.1926074487378275,0.38424622057523056,0.02424292229937957,0.9254108723135271,0.9254108723135271,-5.352695411203367e-05,0.0,0.1322,0.007291332892433239,1.17211,1.059,72.7,91.2,3.8,96.2,20.9,50.1,60.9,21.8,96.9,98.8,43.8,62.1,False,False
Technology,183635771392,58.098564,14.584605,13.9,807.57,807.57,1145.0,209.0,1142.174,23.0,1.44,Seagate Technology Holdings PLC,Computer Hardware,1943750016.0,3.7152898,0.485,STX,0.0,74477527.26,-74477527.26,0,3,False,0.3507,8.200000000000003,807.57,37.183266,-0.5624922243247809,0.4143343611080153,0.29469868995633186,0.6394978632478633,0.6394978632478633,-0.0004055720010074496,0.0,0.3507,0.010584811451853538,3.7152898,0.485,19.4,93.6,86.0,68.0,4.5,50.1,86.0,24.2,99.8,92.4,97.6,62.1,False,False
Energy,52668002304,10.431373,8.815894,4.59,47.88,47.88,52.71,31.47,60.57143,28.0,1.31034,Devon Energy Corporation,Oil & Gas E&P,782625024.0,0.11522,0.642,DVN,199876.04,344218.2,-144342.16,1,1,False,0.5357,-3.500000000000007,47.88,16.9539385,0.3847227297657119,0.26506746031746026,0.09163346613545813,0.7725988700564973,0.7725988700564973,-2.740604421767438e-06,0.0,0.5357,0.01485959196786474,0.11522,0.642,85.5,74.4,19.4,82.0,46.4,50.1,92.9,27.3,35.1,96.9,19.2,62.1,False,False
Healthcare,22994032640,14.450956,12.967743,7.85,113.44,113.44,132.6,82.82,128.91667,24.0,2.28571,Incyte Corporation,Biotechnology,1180664576.0,0.30667,0.377,INCY,0.0,0.0,0.0,0,0,False,-0.064,11.100000000000001,113.44,27.553089999999997,0.47552321717818213,0.1364304478138224,0.1444947209653092,0.6151064684612295,0.6151064684612295,0.0,0.0,-0.064,0.051346564323220864,0.30667,0.377,92.2,31.8,44.3,64.0,72.6,50.1,24.4,72.0,75.4,89.3,99.3,62.0,False,False
Consumer Cyclical,12799784960,16.234346,13.956063,5.59,90.75,90.75,106.98,69.5,110.61538,13.0,1.35714,"Hasbro, Inc.",Leisure,688150016.0,1.5956,0.162,HAS,0.0,476369.4,-476369.4,0,1,False,0.3225,-2.799999999999997,90.75,19.879007,0.18334220617760247,0.21890225895316806,0.15171060011217052,0.5669690501600854,0.5669690501600854,-3.7216984620341624e-05,0.0,0.3225,0.05376262321206996,1.5956,0.162,71.6,60.4,47.6,58.1,25.6,50.1,84.1,74.4,98.3,69.2,23.2,62.0,False,False
Technology,15034194944,37.902176,15.273428,2.76,104.61,104.61,165.45,70.82,158.87318,22.0,2.04167,"Akamai Technologies, Inc.",Software - Infrastructure,710060096.0,0.08918,0.054,AKAM,0.0,1860207.64,-1860207.64,0,3,False,0.6951,2.299999999999997,104.61,37.183266,-0.019334234921698213,0.518718860529586,0.36772438803263824,0.35707492338581853,0.35707492338581853,-0.00012373177592341853,0.0,0.6951,0.0472296720007198,0.08918,0.054,46.7,97.2,93.8,32.2,12.6,50.1,95.7,67.3,23.9,29.3,69.0,61.9,False,False
Industrials,12577790976,19.38532,15.120305,7.63,147.91,147.91,183.11,125.0,178.0,11.0,2.0,Allegion plc,Security & Protection Services,484449984.0,0.3373,0.127,ALLE,26907.6,256688.41,-229780.81,1,2,False,0.065,8.0,147.91,28.691016,0.32434180790251554,0.20343452099249545,0.19223417617825359,0.39425228015832026,0.39425228015832026,-1.8268773144541083e-05,0.0,0.065,0.03851630106784182,0.3373,0.127,82.2,56.9,65.6,37.4,34.1,50.1,51.7,60.2,77.0,61.4,97.3,61.9,False,False
Energy,26451890176,16.710527,10.945559,1.9,31.75,31.75,43.59,21.46,43.44,25.0,1.75,Halliburton Company,Oil & Gas Equipment & Services,2052249984.0,0.14917,0.037,HAL,0.0,7696367.02,-7696367.02,0,3,False,0.6849,-3.1000000000000014,31.75,16.9539385,0.01435722442900218,0.36818897637795267,0.2716219316356963,0.4649796656122909,0.4649796656122909,-0.00029095716672009216,0.0,0.6849,0.07758424711221665,0.14917,0.037,53.3,89.6,82.0,46.2,6.6,50.1,95.5,87.7,47.6,19.9,21.2,61.8,True,True
Consumer Cyclical,285109747712,19.9979,17.832983,14.29,285.77,285.77,397.63,277.15,378.34375,32.0,1.88889,"Home Depot, Inc. (The)",Home Improvement Retail,10762625024.0,1.0429599,0.057,HD,0.0,0.0,0.0,0,0,False,0.0395,2.5,285.77,19.879007,-0.005980831939945487,0.323944955733632,0.2813168020521591,0.0715471447543161,0.0715471447543161,0.0,0.0,0.0395,0.03774906017900072,1.0429599,0.057,48.1,85.5,83.6,8.1,72.6,50.1,48.8,59.2,96.2,30.6,69.8,61.8,False,False
Real Estate,12240575488,21.088606,59.5,1.58,33.32,33.32,42.0,32.94,41.2619,21.0,2.36364,"UDR, Inc.",REIT - Residential,779827776.0,0.13739,-0.001,UDR,0.0,0.0,0.0,0,0,False,0.1444,3.8999999999999986,33.32,29.072845,0.2746287472037911,0.23835234093637445,0.20666666666666667,0.04194260485651241,0.04194260485651241,0.0,0.0,0.1444,0.06370842422927754,0.13739,-0.001,79.9,67.8,67.8,6.2,72.6,50.1,63.0,81.0,42.9,7.1,80.5,61.5,False,False
Industrials,25358938112,22.767834,16.176853,8.27,188.29,188.29,237.54,158.97,240.10526,19.0,1.57895,Dover Corporation,Specialty Industrial Machinery,906472128.0,0.14914,0.069,DOV,0.0,0.0,0.0,0,0,False,-0.0124,3.1000000000000014,188.29,28.691016,0.20644727255388937,0.27518859206543095,0.2073335017260251,0.37317042128038685,0.37317042128038685,0.0,0.0,-0.0124,0.03574566584754004,0.14914,0.069,73.7,77.0,68.7,33.6,72.6,50.1,31.5,56.9,47.4,37.6,75.0,61.5,False,False
Healthcare,73593618432,11.513435,8.314757,24.19,278.51,278.51,312.18,239.51,342.29166,24.0,1.75,The Cigna Group,Healthcare Plans,7980125184.0,0.16758,0.067,CI,0.0,923774.82,-923774.82,0,2,False,0.133,-1.2999999999999972,278.51,27.553089999999997,0.5821363411508472,0.22901030483645107,0.10785444294958042,0.5366726296958854,0.5366726296958854,-1.255237668268155e-05,0.0,0.133,0.10843501588896028,0.16758,0.067,95.7,64.7,26.5,54.7,37.2,50.1,61.1,94.1,51.7,36.4,35.2,61.5,False,False
Real Estate,9188541440,21.234344,31.982353,4.95,105.11,105.11,128.21,90.03,130.73685,19.0,1.89474,Federal Realty Investment Trust,REIT - Retail,456137632.0,0.12550999,0.072,FRT,0.0,163341.8,-163341.8,0,1,False,0.1705,4.099999999999994,105.11,29.072845,0.2696158907048829,0.2438098182856056,0.1801731534201701,0.39497118910424295,0.39497118910424295,-1.7776684261218285e-05,0.0,0.1705,0.0496420062943091,0.12550999,0.072,79.4,69.4,61.1,37.7,34.8,50.1,68.5,69.9,38.9,39.5,81.3,61.4,False,False
Healthcare,112485441536,23.144737,10.304809,3.8,87.95,87.95,110.68,69.51,115.76,25.0,1.40741,CVS Health Corporation,Healthcare Plans,8076000256.0,0.06205,0.071,CVS,0.0,0.0,0.0,0,0,False,-0.4458,2.9000000000000057,87.95,27.553089999999997,0.15999486808920518,0.31620238772029563,0.20536682327430433,0.4478989555501578,0.4478989555501578,0.0,0.0,-0.4458,0.07179595995465196,0.06205,0.071,69.7,84.4,67.1,44.3,72.6,50.1,5.5,85.1,14.5,38.7,74.2,61.0,False,False
Industrials,16967317504,25.908676,22.034952,4.38,113.48,113.48,200.0,107.67,158.42857,14.0,1.92857,"FedEx Freight Holding Company, ",Integrated Freight & Logistics,-511124992.0,0.69093,0.048,FDXF,0.0,0.0,0.0,0,0,,,0.5,113.48,28.691016,0.09697600112871574,0.3960924391963342,0.4326,0.06292645943896895,0.06292645943896895,0.0,0.0,0.0,-0.030124089555081623,0.69093,0.048,61.8,92.2,97.2,7.3,72.6,50.1,37.9,8.1,91.7,25.1,53.1,60.9,True,False
Financial Services,258330181632,13.7020855,12.209349,64.75,887.21,887.21,1153.99,740.01,1079.5,20.0,2.6,"Goldman Sachs Group, Inc. (The)",Capital Markets,,0.16902,0.425,GS,10285000.0,3056382.7,7228617.3,1,2,False,0.2879,6.100000000000001,887.21,13.749459,0.00344548101856219,0.2167356093822206,0.23118051282940058,0.35557273298226977,0.35557273298226977,2.798208577229821e-05,0.0,0.2879,0.0,0.16902,0.425,52.4,60.0,74.4,32.0,98.6,50.1,81.0,14.0,52.1,91.0,91.1,60.9,False,False
Basic Materials,17701433344,34.585754,16.444963,3.79,131.08,131.08,157.98,92.48536,169.25,16.0,1.52941,"DuPont de Nemours, Inc.",Specialty Chemicals,1835250048.0,0.01792,0.04,DD,0.0,0.0,0.0,0,0,False,0.3859,7.0,131.08,28.9105875,-0.19630062861918676,0.2911962160512663,0.1702747183187744,0.5892793669833137,0.5892793669833137,0.0,0.0,0.3859,0.10367804755325467,0.01792,0.04,35.5,80.6,55.7,61.6,72.6,50.1,87.2,93.6,7.6,21.0,94.2,60.7,False,False
Basic Materials,12125019136,380.55554,9.097373,0.27,102.75,102.75,221.0,88.01,168.564,20.0,1.95455,Albemarle Corporation,Specialty Chemicals,1334340224.0,0.02648,0.311,ALB,0.0,0.0,0.0,0,0,False,1.9004,-0.19999999999999574,102.75,28.9105875,-12.163189437087711,0.6405255474452554,0.5350678733031674,0.11083540115798175,0.11083540115798175,0.0,0.0,1.9004,0.11004850458654154,0.02648,0.311,1.7,98.3,99.3,10.7,72.6,50.1,98.3,94.5,8.5,85.3,46.0,60.6,False,False
Industrials,88833015808,48.006466,34.46062,4.64,222.75,222.75,310.0,183.83,332.25,20.0,1.43478,Howmet Aerospace Inc.,Aerospace & Defense,1189874944.0,0.34732,0.241,HWM,0.0,0.0,0.0,0,0,False,0.239,2.200000000000003,222.75,28.691016,-0.6732229350121307,0.49158249158249157,0.2814516129032258,0.3084726955694697,0.3084726955694697,0.0,0.0,0.239,0.013394512537677955,0.34732,0.241,16.8,96.7,83.9,26.8,72.6,50.1,77.0,25.8,79.1,79.7,68.7,60.5,False,False
Healthcare,337477697536,24.178778,16.628786,15.55,375.98,375.98,461.62,255.97,481.72,25.0,1.57692,UnitedHealth Group Incorporated,Healthcare Plans,24272250880.0,0.14152999,0.004,UNH,0.0,0.0,0.0,0,0,False,-0.2139,2.0,375.98,27.553089999999997,0.1224658286965272,0.2812383637427523,0.18552055803474715,0.5835643082907854,0.5835643082907854,0.0,0.0,-0.2139,0.07192253312505426,0.14152999,0.004,64.9,78.0,63.0,60.9,72.6,50.1,12.6,85.5,43.8,8.9,67.2,60.4,False,False
Consumer Cyclical,21397331968,11.462245,10.273647,9.8,112.33,112.33,144.5,108.49,138.70589,17.0,2.05882,"PulteGroup, Inc.",Residential Construction,1078512896.0,0.14901,-0.096,PHM,0.0,0.0,0.0,0,0,False,-0.055,6.399999999999999,112.33,19.879007,0.4233995188995105,0.23480717528710063,0.22262975778546715,0.10663704526520419,0.10663704526520419,0.0,0.0,-0.055,0.05040408297693052,0.14901,-0.096,86.5,66.1,73.5,10.0,72.6,50.1,25.1,71.3,47.2,0.9,91.8,60.0,False,False
Real Estate,123747237888,28.288889,38.19004,4.5,127.3,127.3,153.35,111.03,158.23077,13.0,2.0,"Prologis, Inc.",REIT - Industrial,5406941184.0,0.07749,0.123,PLD,0.0,0.0,0.0,0,0,False,0.2829,7.100000000000001,127.3,29.072845,0.026965231644856216,0.24297541241162615,0.16987283990870555,0.3844517958412098,0.3844517958412098,0.0,0.0,0.2829,0.043693429253699095,0.07749,0.123,54.7,69.0,55.5,36.0,72.6,50.1,80.8,65.9,19.4,60.2,94.9,60.0,False,False
Healthcare,10411002880,18.814432,11.66733,2.91,54.75,54.75,89.83,51.01,65.8,15.0,2.52941,"The Cooper Companies, Inc.",Medical Instruments & Supplies,542649984.0,0.06838,0.006,COO,1880109.98,0.0,1880109.98,3,0,False,-0.173,5.799999999999997,54.75,27.553089999999997,0.31715709562883865,0.20182648401826478,0.39051541801180006,0.0963420917053066,0.0963420917053066,0.00018058874842996874,0.0,-0.173,0.05212273882302489,0.06838,0.006,81.8,56.6,95.7,9.7,99.3,50.1,15.2,73.2,15.6,9.8,90.4,59.7,True,True
Industrials,13580298240,15.868664,14.794432,4.34,68.87,68.87,83.64,58.16,80.05263,19.0,2.45455,Masco Corporation,Building Products & Equipment,897124992.0,58.625,-0.029,MAS,0.0,0.0,0.0,0,0,False,-0.0757,2.5,68.87,28.691016,0.44691174408044665,0.16237302163496425,0.17659014825442368,0.42032967032967056,0.42032967032967056,0.0,0.0,-0.0757,0.06606077246209285,58.625,-0.029,87.9,41.7,59.2,40.5,72.6,50.1,23.5,82.9,100.0,3.8,69.8,59.7,False,False
Basic Materials,9640982528,8.919753,12.62538,1.62,14.45,14.45,90.97,11.74,16.97911,8.0,1.75,"Corteva, Inc.",Agricultural Inputs,,,,CTVA,0.0,0.0,0.0,0,0,False,0.4292,19.6,14.45,28.9105875,0.6914710570997562,0.17502491349480964,0.8411564251951192,0.03420421557490848,0.03420421557490848,0.0,0.0,0.4292,0.0,0.0,0.0,98.3,46.7,100.0,4.5,72.6,50.1,89.1,14.0,3.4,7.7,100.0,59.6,True,True
Industrials,374097215488,35.033577,25.094168,23.23,813.83,813.83,1073.46,489.34,970.79846,26.0,2.07143,"Caterpillar, Inc.",Farm & Heavy Construction Machinery,5048999936.0,0.56972003,0.24,CAT,0.0,0.0,0.0,0,0,False,0.4404,5.0,813.83,28.691016,-0.22106435687045728,0.1928762272219013,0.2418627615374583,0.5555194138190783,0.5555194138190783,0.0,0.0,0.4404,0.01349649162561585,0.56972003,0.24,33.6,53.6,77.3,56.9,72.6,50.1,89.8,26.3,89.8,79.4,86.8,59.6,False,False
Healthcare,121950060544,13.14978,9.060377,4.54,59.7,59.7,68.64,42.52,66.16667,24.0,2.53571,Bristol-Myers Squibb Company,Drug Manufacturers - General,8114375168.0,0.46598998,0.057,BMY,0.0,0.0,0.0,0,0,False,-0.0177,11.699999999999996,59.7,27.553089999999997,0.5227475393866894,0.10831943048576204,0.1302447552447552,0.6577335375191424,0.6577335375191424,0.0,0.0,-0.0177,0.06653850872892601,0.46598998,0.057,94.3,23.2,35.5,70.4,72.6,50.1,31.0,83.4,87.4,30.6,99.5,59.6,False,False
Healthcare,16878377984,21.478155,9.759686,4.12,88.49,88.49,106.88,79.12,107.22727,22.0,2.46429,"Zimmer Biomet Holdings, Inc.",Medical Devices,1072150016.0,0.06413,0.048,ZBH,0.0,0.0,0.0,0,0,False,0.1653,4.600000000000001,88.49,27.553089999999997,0.2204810785287602,0.211744490902927,0.17206212574850302,0.33753602305475483,0.33753602305475483,0.0,0.0,0.1653,0.06352210011035146,0.06413,0.048,75.8,58.5,57.1,29.6,72.6,50.1,67.1,80.8,14.7,25.1,84.5,59.3,False,False
Technology,62485639168,21.13908,16.70922,10.21,215.83,215.83,252.56,190.27,249.42105,19.0,1.68421,TE Connectivity plc,Electronic Components,2336875008.0,0.23290001,0.138,TEL,0.0,0.0,0.0,0,0,False,0.0881,2.6999999999999957,215.83,37.183266,0.4314894232260287,0.15563661214845015,0.14543078872347162,0.41033873816021843,0.41033873816021843,0.0,0.0,0.0881,0.0373985933266528,0.23290001,0.138,87.0,38.9,45.0,39.8,72.6,50.1,55.0,59.0,66.4,63.9,71.7,59.0,False,False
Healthcare,109379084288,21.009829,13.330818,4.07,85.51,85.51,106.33,73.31,104.44,25.0,1.7931,Medtronic plc.,Medical Devices,5412499968.0,0.106479995,0.137,MDT,0.0,138882.95,-138882.95,0,1,False,0.0997,-0.4000000000000057,85.51,27.553089999999997,0.23747830098184988,0.22137761665302294,0.19580551114454992,0.3694730466384011,0.3694730466384011,-1.2697395567356829e-06,0.0,0.0997,0.04948386616355872,0.106479995,0.137,76.8,61.4,66.1,33.4,48.1,50.1,57.1,69.4,31.8,63.5,42.8,59.0,False,False
Energy,15348900864,9.2621565,9.545079,4.73,43.81,43.81,47.44,21.63,46.2,25.0,2.55556,APA Corporation,Oil & Gas E&P,2146749952.0,0.26659,0.092,APA,0.0,0.0,0.0,0,0,False,1.0684,-3.5,43.81,16.9539385,0.45368702971288943,0.054553754850490764,0.0765177065767284,0.8593568384347154,0.8593568384347154,0.0,0.0,1.0684,0.1398634319826173,0.26659,0.092,89.1,11.8,14.7,91.7,72.6,50.1,97.2,97.4,71.3,47.3,19.5,58.9,False,False
Basic Materials,33551673344,21.223028,11.972628,11.03,234.09,234.09,288.74,140.87,270.96072,14.0,2.0,"Steel Dynamics, Inc.",Steel,234191248.0,0.17568001,0.334,STLD,0.0,0.0,0.0,0,0,False,0.2968,-6.799999999999997,234.09,28.9105875,0.265908103735353,0.15750660002563108,0.1892706240908776,0.6304186109420437,0.6304186109420437,0.0,0.0,0.2968,0.006980016930865837,0.17568001,0.334,79.1,39.3,64.2,66.4,72.6,50.1,82.0,21.6,53.6,86.3,7.8,58.8,False,False
Utilities,22830960640,28.431938,9.706698,3.82,108.61,108.61,189.96,93.36,185.5,16.0,1.5625,"NRG Energy, Inc.",Utilities - Independent Power Producers,772374976.0,0.23772,0.11,NRG,0.0,191069.4,-191069.4,0,1,False,0.1738,-1.2999999999999972,108.61,20.088757,-0.4153159401549831,0.7079458613387349,0.42824805222152035,0.15786749482401655,0.15786749482401655,-8.368872559188118e-06,0.0,0.1738,0.03383015669725231,0.23772,0.11,23.9,99.5,96.9,15.2,40.0,50.1,69.0,54.3,67.3,57.3,35.2,58.7,False,False
Healthcare,10291493888,7.121533,7.2762156,24.52,174.62,174.62,246.33,140.08,194.94118,17.0,2.4,"Universal Health Services, Inc.",Medical Care Facilities,498316992.0,0.20948,0.083,UHS,0.0,0.0,0.0,0,0,False,-0.1024,1.3999999999999986,174.62,27.553089999999997,0.7415341437203595,0.11637372580460427,0.2911135468680226,0.3250823529411764,0.3250823529411764,0.0,0.0,-0.1024,0.04842027769953236,0.20948,0.083,100.0,24.9,85.1,28.2,72.6,50.1,21.3,68.5,62.1,44.4,61.0,58.7,False,False
Utilities,20937728000,5.6092787,8.367963,9.7,54.41,54.41,81.62,51.1,65.57143,14.0,3.11765,Edison International,Utilities - Regulated Electric,82375000.0,0.19734,-0.041,EIX,0.0,37700.0,-37700.0,0,1,False,0.2243,-2.9000000000000057,54.41,20.088757,0.7207752226780383,0.205135636831465,0.3333741729968146,0.10845347313237205,0.10845347313237205,-1.8005774074436348e-06,0.0,0.2243,0.003934285515601311,0.19734,-0.041,99.3,57.3,91.2,10.2,47.4,50.1,75.8,19.2,59.5,2.6,22.0,58.6,True,True
Energy,32720744448,12.136891,13.871506,4.31,52.31,52.31,68.24,47.94,67.19231,26.0,1.46154,EQT Corporation,Oil & Gas E&P,2460903936.0,0.11078,-0.039,EQT,0.0,9648299.84,-9648299.84,0,1,False,0.2146,-3.8000000000000043,52.31,16.9539385,0.28412557353561235,0.28450219843242214,0.23344079718640084,0.21527093596059138,0.21527093596059138,-0.00029486798062718696,0.0,0.2146,0.07520928932136257,0.11078,-0.039,80.1,79.4,75.4,19.9,6.4,50.1,74.4,87.0,33.2,3.1,18.0,58.5,False,False
Consumer Defensive,32216420352,21.904371,16.263857,7.32,160.34,160.34,239.48,156.16,203.14285,21.0,2.47826,The Hershey Company,Confectioners,1743636352.0,0.32808998,0.066,HSY,0.0,4826849.07,-4826849.07,0,1,False,0.1217,5.0,160.34,22.329308,0.019030459878111756,0.2669505425969814,0.33046600968765655,0.050168026884301574,0.050168026884301574,-0.00014982574157095479,0.0,0.1217,0.05412259751235071,0.32808998,0.066,54.0,75.1,90.5,6.9,10.7,50.1,58.5,74.9,76.8,35.7,86.8,58.4,True,True
Technology,25706852352,12.273118,9.003054,4.65,57.07,57.07,87.03,37.08,65.904,25.0,2.2069,Cognizant Technology Solutions ,Information Technology Services,2215500032.0,0.14924,0.045,CTSH,0.0,7906.32,-7906.32,0,1,False,-0.324,-2.0,57.07,37.183266,0.6699289944030199,0.15479236025933057,0.3442491095024704,0.4002002002002002,0.4002002002002002,-3.075569070744239e-07,0.0,-0.324,0.08618324801743507,0.14924,0.045,97.9,38.4,92.4,38.4,50.2,50.1,9.0,90.8,48.1,23.1,29.7,58.4,True,False
Communication Services,4286592319488,17.586554,23.255753,19.93,350.5,350.5,408.61,235.84,429.47406,54.0,1.37705,Alphabet Inc.,Internet Content & Information,22665000960.0,0.48676,0.242,GOOGL,0.0,28257.35,-28257.35,0,1,False,0.13,-5.0,350.5,21.6095,0.18616562160161043,0.22531828815977178,0.14221384694451925,0.6636568848758464,0.6636568848758464,-6.592031127274338e-09,0.0,0.13,0.00528741696684306,0.48676,0.242,72.3,62.3,43.4,71.3,50.9,50.1,60.1,20.1,88.5,80.3,13.5,58.4,False,False
Consumer Cyclical,117117673472,17.280487,12.592228,9.02,155.87,155.87,220.806,150.14,237.4,35.0,1.54054,Booking Holdings Inc. Common St,Travel Services,7725875200.0,,0.081,BKNG,0.0,11539164.61,-11539164.61,0,4,False,,0.20000000000000284,155.87,19.879007,0.1307167908336669,0.5230640918714313,0.2940862114254142,0.08108567061953438,0.08108567061953438,-9.852624516793132e-05,0.0,0.0,0.06596677487661219,0.0,0.081,66.4,97.4,85.8,9.0,14.2,50.1,37.9,82.7,3.4,43.4,49.6,58.4,True,False
Financial Services,21161158656,11.52907,9.246135,1.72,19.83,19.83,24.07,16.47,25.37368,19.0,2.0,KeyCorp,Banks - Regional,,0.1033,0.101,KEY,0.0,0.0,0.0,0,0,False,0.0037,4.799999999999997,19.83,13.749459,0.16148919022923006,0.27956026222894614,0.17615288741171592,0.44210526315789456,0.44210526315789456,0.0,0.0,0.0037,0.0,0.1033,0.101,69.9,77.7,58.8,43.8,72.6,50.1,43.1,14.0,31.3,51.9,85.5,58.3,False,False
Technology,17104884736,16.444714,11.387215,8.32,136.82,136.82,161.1,97.12,158.66667,9.0,,CDW Corporation,Information Technology Services,676787520.0,0.44009998,0.1,CDW,0.0,0.0,0.0,0,0,False,-0.2501,-4.400000000000006,136.82,37.183266,0.5577388495136495,0.15967453588656644,0.15071384233395407,0.6205064082525789,0.6205064082525789,0.0,0.0,-0.2501,0.03956691497462073,0.44009998,0.1,95.5,40.5,47.4,65.2,72.6,50.1,10.9,61.8,85.3,51.3,16.1,58.2,False,False
Industrials,163180658688,22.25932,19.324472,12.34,274.68,274.68,315.99,215.53,328.91666,24.0,1.72,Union Pacific Corporation,Railroads,4720750080.0,0.39696,0.115,UNP,0.0,0.0,0.0,0,0,False,-0.0178,2.1000000000000014,274.68,28.691016,0.2241710785006708,0.19745398281636803,0.13073198518940474,0.5887915588293848,0.5887915588293848,0.0,0.0,-0.0178,0.028929593237063917,0.39696,0.115,76.1,54.7,35.8,61.4,72.6,50.1,30.8,45.7,82.0,58.8,68.1,58.2,False,False
Energy,75642355712,11.2225685,9.401441,12.85,144.21,144.21,154.16,101.59,164.0,28.0,2.34375,"EOG Resources, Inc.",Oil & Gas E&P,4478750208.0,0.22507,0.587,EOG,0.0,1270973.79,-1270973.79,0,1,False,0.5001,-2.8000000000000043,144.21,16.9539385,0.3380553727973002,0.13723042784827674,0.06454333160352872,0.8107285524063156,0.8107285524063156,-1.6802408888997242e-05,0.0,0.5001,0.059209554829999636,0.22507,0.587,82.7,32.5,10.7,87.0,35.5,50.1,91.9,78.7,65.4,96.0,22.7,58.1,False,False
Real Estate,36938223616,29.189932,14.032448,4.37,127.56,127.56,174.27,121.69,182.16667,12.0,1.41667,CBRE Group Inc,Real Estate Services,1637624960.0,0.15798001,0.155,CBRE,0.0,767362.62,-767362.62,0,3,False,-0.0436,1.5,127.56,29.072845,-0.004027366430770636,0.4280861555346504,0.26803236357376486,0.11163940661848618,0.11163940661848618,-2.0774215565353082e-05,0.0,-0.0436,0.04433415577923605,0.15798001,0.155,48.6,94.3,81.5,10.9,33.9,50.1,27.0,66.4,49.5,68.6,62.3,58.1,False,False
Consumer Defensive,21821405184,14.165652,14.702964,8.21,116.3,116.3,142.4,85.76,136.15385,26.0,2.48276,"Dollar Tree, Inc.",Discount Stores,1049587520.0,0.46032003,0.07,DLTR,0.0,470816.95,-470816.95,0,2,False,-0.0123,0.8999999999999986,116.3,22.329308,0.3656027316207023,0.17071238177128126,0.18328651685393263,0.5391949152542371,0.5391949152542371,-2.1575922633305702e-05,0.0,-0.0123,0.04809898863752293,0.46032003,0.07,84.6,46.0,62.3,55.0,32.9,50.1,31.8,68.0,86.3,38.2,56.6,58.0,False,False
Utilities,160745472000,17.316854,17.553612,4.45,77.06,77.06,98.75,74.41,97.42105,19.0,1.90476,"NextEra Energy, Inc.",Utilities - Regulated Electric,-17766875136.0,0.11677,0.124,NEE,0.0,0.0,0.0,0,0,False,0.5095,-0.7000000000000028,77.06,20.088757,0.1379828030176283,0.26422333246820645,0.21964556962025314,0.10887428101889915,0.10887428101889915,0.0,0.0,0.5095,-0.11052799755379734,0.11677,0.124,67.1,74.2,72.7,10.4,72.6,50.1,92.4,2.8,35.5,60.4,39.6,57.8,False,False
Financial Services,86858014720,11.988987,10.145396,18.16,217.72,217.72,258.96,176.88,272.3,20.0,1.77273,"PNC Financial Services Group, I",Banks - Regional,,0.12623,0.236,PNC,0.0,0.0,0.0,0,0,False,0.0399,3.0,217.72,13.749459,0.12803936503974447,0.25068895829505794,0.15925239419215317,0.4975633528265109,0.4975633528265109,0.0,0.0,0.0399,0.0,0.12623,0.236,65.9,70.9,50.9,49.3,72.6,50.1,49.1,14.0,39.9,79.1,74.4,57.7,False,False
Communication Services,4248312479744,17.429502,23.048077,19.93,347.37,347.37,404.47,236.685,419.64572,14.0,1.38333,Alphabet Inc.,Internet Content & Information,22665000960.0,0.48676,0.242,GOOG,0.0,28257.35,-28257.35,0,1,False,0.13,-5.199999999999996,347.37,21.6095,0.19343335107244505,0.2080655209142988,0.1411723984473509,0.6596835235569329,0.6596835235569329,-6.651429275678602e-09,0.0,0.13,0.00533505976033236,0.48676,0.242,73.0,58.1,42.9,70.6,50.7,50.1,60.1,20.4,88.5,80.3,13.0,57.6,False,False
Industrials,21455259648,38.065727,5.0624247,2.13,81.08,81.08,95.88,61.16,105.0,30.0,2.36111,Global Payments Inc.,Specialty Business Services,7867763200.0,0.02428,0.686,GPN,0.0,0.0,0.0,0,0,False,-0.1468,7.300000000000004,81.08,28.691016,-0.3267472647186841,0.295017266896892,0.15435961618690028,0.5737327188940092,0.5737327188940092,0.0,0.0,-0.1468,0.3667055691275874,0.02428,0.686,28.0,81.3,49.3,59.5,72.6,50.1,17.1,100.0,8.3,97.2,95.3,57.3,False,False
Technology,1797319426048,46.36823,19.413918,8.12,376.51,376.51,495.0,289.96,531.3149,47.0,1.26,Broadcom Inc.,Semiconductors,30596499456.0,0.44245,0.855,AVGO,0.0,250006183.62,-250006183.62,0,1,False,0.0485,1.9000000000000057,376.51,37.183266,-0.24701875300572018,0.4111574725770895,0.2393737373737374,0.42211275848614904,0.42211275848614904,-0.0001390994722455769,0.0,0.0485,0.017023406642455594,0.44245,0.855,31.8,93.1,76.3,41.0,11.4,50.1,49.8,29.1,85.5,97.6,66.5,57.3,False,False
Financial Services,24803588096,7.6303115,17.838476,21.18,161.61,161.61,194.81,150.0,191.0,6.0,2.5,Cincinnati Financial Corporatio,Insurance - Property & Casualty,2984875008.0,0.21484,0.316,CINF,171640.0,1333067.36,-1161427.36,1,1,False,,-6.099999999999994,161.61,13.749459,0.4450464196445838,0.18185755831941083,0.17042246291258142,0.25909395224280324,0.25909395224280324,-4.6824973689484066e-05,0.0,0.0,0.12034045221390215,0.21484,0.316,87.7,49.3,55.9,23.2,22.7,50.1,37.9,96.4,63.0,85.5,9.7,57.1,False,False
Financial Services,30649694208,11.669231,8.577794,1.3,15.17,15.17,19.46,14.82,19.30526,19.0,1.75,Huntington Bancshares Incorpora,Banks - Regional,,0.09002,0.476,HBAN,0.0,0.0,0.0,0,0,False,,2.700000000000003,15.17,13.749459,0.151295261871758,0.2725945945945946,0.22045220966084278,0.07543103448275854,0.07543103448275854,0.0,0.0,0.0,0.0,0.09002,0.476,68.2,76.3,73.0,8.3,72.6,50.1,37.9,14.0,24.6,91.8,72.4,57.1,False,False
Technology,36149817344,20.14881,15.895602,5.04,101.55,101.55,129.24,85.45,113.92857,14.0,3.0,"Paychex, Inc.",Software - Application,1887112448.0,0.47055,0.059,PAYX,0.0,0.0,0.0,0,0,False,-0.03,-0.6000000000000014,101.55,37.183266,0.4581215646845008,0.12189630723781385,0.21425255338904373,0.3676638501941081,0.3676638501941081,0.0,0.0,-0.03,0.05220254448431439,0.47055,0.059,89.8,26.5,71.1,33.2,72.6,50.1,27.7,73.5,87.9,32.0,41.2,57.0,False,False
Communication Services,26438936576,16.328125,10.72244,3.84,62.7,62.7,76.39,48.34,76.42222,18.0,2.0,Fox Corporation,Entertainment,555374976.0,0.14291,0.281,FOXA,0.0,0.0,0.0,0,0,False,-0.7827,1.0,62.7,21.6095,0.24440061084245357,0.21885518341307802,0.17921193873543653,0.5119429590017825,0.5119429590017825,0.0,0.0,-0.7827,0.0210059498574592,0.14291,0.281,77.7,60.2,60.4,50.9,72.6,50.1,2.4,34.6,44.3,83.2,57.5,56.8,False,False
Industrials,88372092928,19.928616,17.553675,16.39,326.63,326.63,400.0,306.77,416.4457,21.0,2.08333,General Dynamics Corporation,Aerospace & Defense,4400124928.0,0.17803,0.081,GD,0.0,2574619.58,-2574619.58,0,1,False,-0.1358,-2.1000000000000014,326.63,28.691016,0.30540570609280615,0.2749768851605792,0.183425,0.21302155958382504,0.21302155958382504,-2.9133853173508493e-05,0.0,-0.1358,0.04979088739682723,0.17803,0.081,81.5,76.8,62.6,19.7,30.6,50.1,18.2,70.4,54.5,43.4,28.9,56.7,False,False
Healthcare,87682424832,17.897741,13.687069,22.59,404.31,404.31,436.24,274.84,451.4762,21.0,1.77273,"Elevance Health, Inc.",Healthcare Plans,4306375168.0,0.11133,0.014,ELV,1368280.05,0.0,1368280.05,2,0,False,0.4929,0.8999999999999986,404.31,27.553089999999997,0.35042708458470534,0.11665850461279711,0.07319365486887953,0.8021685254027261,0.8021685254027261,1.5604952219576865e-05,0.0,0.4929,0.04911332203974785,0.11133,0.014,83.6,25.4,12.8,86.5,97.6,50.1,91.7,69.0,33.6,12.8,56.6,56.6,False,False
Technology,413186523136,44.922348,28.19537,11.59,520.65,520.65,739.67,203.4,638.94446,36.0,1.45,"Applied Materials, Inc.",Semiconductor Equipment & Materials,3075375104.0,0.41068,0.248,AMAT,0.0,4454183.2,-4454183.2,0,3,False,0.152,0.7000000000000028,520.65,37.183266,-0.20813346519910317,0.22720533947949692,0.29610501980612974,0.5915863277826469,0.5915863277826469,-1.0780078610003235e-05,0.0,0.152,0.007443067311727742,0.41068,0.248,35.3,64.0,86.3,61.8,38.2,50.1,64.7,22.3,82.5,81.0,55.5,56.5,False,False
Financial Services,23403925504,7.3623333,6.8741035,9.77,71.93,71.93,88.77,63.08,88.47826,23.0,1.78261,Synchrony Financial,Credit Services,,0.20786,0.006,SYF,0.0,0.0,0.0,0,0,False,-0.0881,0.29999999999999716,71.93,13.749459,0.4645365101274166,0.2300606144863061,0.18970372873718588,0.3444920202413394,0.3444920202413394,0.0,0.0,-0.0881,0.0,0.20786,0.006,91.2,65.2,64.5,31.0,72.6,50.1,22.7,14.0,61.4,9.8,50.2,56.2,False,False
Consumer Cyclical,15215149056,16.376068,12.709643,3.51,57.48,57.48,68.29,44.83,71.85714,14.0,1.6,Ball Corporation,Packaging & Containers,379875008.0,0.17151,0.197,BALL,0.0,914139.28,-914139.28,0,2,False,0.0666,-1.4000000000000057,57.48,19.879007,0.1762129768353118,0.250124217118998,0.15829550446624702,0.5392156862745096,0.5392156862745096,-6.0080862608409006e-05,0.0,0.0666,0.024966893626993333,0.17151,0.197,70.9,70.6,50.7,55.2,19.7,50.1,51.9,39.8,53.3,74.6,33.8,56.1,False,False
Industrials,315024736256,35.804245,33.364723,8.48,303.62,303.62,388.84,268.91,394.66666,21.0,1.54545,GE Aerospace,Aerospace & Defense,6594625024.0,0.48231998,0.211,GE,0.0,6652364.97,-6652364.97,0,2,False,0.081,5.400000000000006,303.62,28.691016,-0.2479253087447304,0.29987043014294174,0.21916469499022728,0.28941882764946214,0.28941882764946214,-2.111696068398279e-05,0.0,0.081,0.020933673661235858,0.48231998,0.211,31.5,82.5,72.3,25.4,33.4,50.1,54.5,34.1,88.2,76.5,89.1,56.1,False,False
Real Estate,18075293696,18.379719,20.827654,9.27,170.38,170.38,224.46,156.6,226.2,20.0,2.09524,SBA Communications Corporation,REIT - Specialty,752056384.0,,0.023,SBAC,0.0,54802.35,-54802.35,0,1,False,-0.357,-2.5,170.38,29.072845,0.36780459566306634,0.3276206127479751,0.24093379666755774,0.20306513409961682,0.20306513409961682,-3.0318926442742986e-06,0.0,-0.357,0.041606869390256575,0.0,0.023,84.8,86.0,76.8,19.2,46.0,50.1,7.3,64.2,3.4,15.3,25.9,55.9,False,False
Energy,71179509760,23.169083,14.926023,2.07,47.96,47.96,60.46,31.64,62.48276,29.0,1.6,SLB Limited,Oil & Gas Equipment & Services,2955124992.0,0.12909001,0.05,SLB,0.0,3988750.0,-3988750.0,0,1,False,0.6101,2.799999999999997,47.96,16.9539385,-0.3665900109287291,0.30280984153461216,0.20674826331458815,0.5662734212352533,0.5662734212352533,-5.603789648803561e-05,0.0,0.6101,0.041516512293551376,0.12909001,0.05,26.1,82.9,68.2,57.8,20.1,50.1,94.5,64.0,41.0,26.9,73.1,55.9,False,False
Industrials,13336279040,21.591686,13.91081,4.09,88.31,88.31,104.68,61.9,101.09091,11.0,2.46667,"Stanley Black & Decker, Inc.",Tools & Accessories,1419049984.0,0.06886,0.004,SWK,0.0,0.0,0.0,0,0,False,0.0768,2.1000000000000014,88.31,28.691016,0.24744087138636017,0.14472777714868068,0.15638135269392436,0.6173445535296868,0.6173445535296868,0.0,0.0,0.0768,0.10640524090293779,0.06886,0.004,78.2,34.8,49.8,64.2,72.6,50.1,53.4,93.8,15.9,8.9,68.1,55.8,False,False
Real Estate,14656748544,25.705883,24.277779,0.85,21.85,21.85,26.65,19.76,26.70238,21.0,2.34783,Kimco Realty Corporation (HC),REIT - Retail,871483392.0,0.05806,0.049,KIM,0.0,0.0,0.0,0,0,False,,7.0,21.85,29.072845,0.11581123209648043,0.22207688787185353,0.1801125703564727,0.3033381712626997,0.3033381712626997,0.0,0.0,0.0,0.059459530835490604,0.05806,0.049,64.0,61.6,60.9,26.5,72.6,50.1,37.9,78.9,14.0,26.2,94.2,55.8,False,False
Technology,207750053888,19.60089,16.771717,11.25,220.51,220.51,332.46,199.19,240.59,22.0,2.25,International Business Machines,Information Technology Services,12049750016.0,0.34460998,0.011,IBM,0.0,0.0,0.0,0,0,False,-0.15,2.8000000000000043,220.51,37.183266,0.4728572256132638,0.09106162985805638,0.3367322384647777,0.1599759885945824,0.1599759885945824,0.0,0.0,-0.15,0.05800118840159788,0.34460998,0.011,91.7,18.2,91.5,15.4,72.6,50.1,16.6,78.2,78.7,11.4,73.8,55.8,False,False
Healthcare,76404957184,18.351137,12.072268,40.44,742.12,742.12,859.34,541.0,856.2308,26.0,1.85185,"Regeneron Pharmaceuticals, Inc.",Biotechnology,3065299968.0,0.14043,0.167,REGN,0.0,2662458.09,-2662458.09,0,2,False,0.1642,1.7999999999999972,742.12,27.553089999999997,0.3339717251313735,0.15376327278607238,0.136407010030954,0.6317773449770685,0.6317773449770685,-3.484666686728471e-05,0.0,0.1642,0.04011912421622175,0.14043,0.167,82.5,38.2,39.8,66.8,26.5,50.1,66.7,62.3,43.1,70.5,64.2,55.8,False,False
Consumer Defensive,37774073856,20.980875,14.3125,3.66,76.79,76.79,91.85,68.19,90.83333,12.0,2.28571,Sysco Corporation,Food Distribution,1914000000.0,0.77692,0.047,SYY,0.0,0.0,0.0,0,0,False,-0.0024,7.899999999999999,76.79,22.329308,0.06038848136270054,0.18287967183226977,0.16396298312465965,0.3634826711749793,0.3634826711749793,0.0,0.0,-0.0024,0.05066967378992356,0.77692,0.047,57.3,50.0,53.3,32.7,72.6,50.1,32.9,71.8,93.1,24.3,96.6,55.7,False,False
Real Estate,10747736064,31.946236,27.247507,1.86,59.42,59.42,74.96,49.72,75.95,20.0,2.13636,"BXP, Inc.",REIT - Office,880636864.0,0.05308,0.037,BXP,0.0,0.0,0.0,0,0,False,-0.0532,6.399999999999999,59.42,29.072845,-0.09883418702228826,0.27818916189835075,0.20731056563500525,0.3843106180665612,0.3843106180665612,0.0,0.0,-0.0532,0.08193696409699999,0.05308,0.037,41.9,77.5,68.5,35.8,72.6,50.1,25.4,90.0,13.7,19.9,91.8,55.6,False,False
Consumer Cyclical,37278584832,12.375115,11.537906,10.77,133.28,133.28,170.79,131.75,155.35715,14.0,2.75,"D.R. Horton, Inc.",Residential Construction,2413900032.0,0.12632,0.0,DHI,0.0,0.0,0.0,0,0,False,-0.0573,5.399999999999999,133.28,19.879007,0.3774782110595364,0.1656448829531812,0.21962644182914687,0.03919057377049184,0.03919057377049184,0.0,0.0,-0.0573,0.06475299539611021,0.12632,0.0,85.1,43.1,72.5,5.9,72.6,50.1,24.9,82.0,40.3,7.7,88.7,55.5,False,False
Industrials,41603940352,21.167322,17.157925,10.16,215.06,215.06,271.64,212.13,285.86365,22.0,1.91304,Ferguson Enterprises Inc.,Industrial Distribution,,,0.046,FERG,0.0,1195472.84,-1195472.84,0,1,False,0.2142,3.200000000000003,215.06,28.691016,0.2622317034712191,0.32922742490467777,0.20829038433220434,0.04923542261804751,0.04923542261804751,-2.873460614272155e-05,0.0,0.2142,0.0,0.0,0.046,78.9,86.5,69.2,6.6,31.0,50.1,74.1,14.0,3.4,23.7,75.9,55.5,False,False
Consumer Cyclical,21657550848,43.463158,12.035165,0.95,41.29,41.29,52.65,32.729,56.71875,16.0,1.29412,Smurfit WestRock plc,Packaging & Containers,1215000064.0,0.02715,0.011,SW,0.0,0.0,0.0,0,0,False,0.2378,7.799999999999997,41.29,19.879007,-1.1863847625789354,0.3736679583434246,0.2157644824311491,0.4297475026354099,0.4297475026354099,0.0,0.0,0.2378,0.05610052921160294,0.02715,0.011,10.7,90.3,71.8,42.2,72.6,50.1,76.8,76.5,8.8,11.4,96.1,55.5,False,False
Financial Services,34379075584,8.9823065,9.256004,14.13,126.92,126.92,146.07,120.33,148.35,20.0,2.3913,"The Hartford Insurance Group, I",Insurance - Diversified,5507500032.0,0.22061001,0.081,HIG,0.0,0.0,0.0,0,0,False,-0.0468,-0.9000000000000057,126.92,13.749459,0.34671564168452007,0.16884651749133306,0.1311015266652974,0.2560217560217562,0.2560217560217562,0.0,0.0,-0.0468,0.1601991891417577,0.22061001,0.081,83.4,45.0,36.0,23.0,72.6,50.1,26.3,97.9,64.5,43.4,38.3,55.5,False,False
Real Estate,15450716160,15.027027,21.068785,1.48,22.24,22.24,25.71,15.61,25.29033,20.0,1.90476,"Host Hotels & Resorts, Inc.",REIT - Hotel & Motel,1692375040.0,0.15558,0.036,HST,0.0,2798088.92,-2798088.92,0,2,False,0.2098,-0.6000000000000014,22.24,29.072845,0.48312499172337625,0.1371551258992807,0.13496693893426692,0.6564356435643562,0.6564356435643562,-0.00018109768447134556,0.0,0.2098,0.10953376027846207,0.15558,0.036,92.7,32.2,39.6,69.4,8.8,50.1,73.0,94.3,49.1,19.3,41.2,55.3,False,False
Financial Services,374251913216,12.360277,10.190733,4.33,53.52,53.52,65.23,46.12,67.33333,21.0,1.5,Bank of America Corporation,Banks - Diversified,,0.111990005,0.168,BAC,0.0,0.0,0.0,0,0,False,-0.0478,4.299999999999997,53.52,13.749459,0.10103539346529924,0.2580965994020927,0.1795186263988962,0.38723181580324456,0.38723181580324456,0.0,0.0,-0.0478,0.0,0.111990005,0.168,62.3,72.5,60.7,36.5,72.6,50.1,26.1,14.0,34.1,70.9,82.2,55.1,False,False
Industrials,242946867200,31.735916,22.941547,5.68,180.26,180.26,226.88,155.64,231.13635,22.0,1.82609,RTX Corporation,Aerospace & Defense,9880000512.0,0.12274,0.145,RTX,0.0,5357474.78,-5357474.78,0,3,False,0.125,1.2000000000000028,180.26,28.691016,-0.10612729782730589,0.28223871075113727,0.2054830747531735,0.34559236384053904,0.34559236384053904,-2.2052043073227166e-05,0.0,0.125,0.04066733037502613,0.12274,0.145,41.2,78.7,67.3,31.3,32.7,50.1,59.2,63.0,38.2,65.6,58.9,55.0,False,False
Communication Services,20540282880,197.02632,6.4228554,0.38,74.87,74.87,89.57,66.33,102.16667,12.0,2.07692,Omnicom Group Inc.,Advertising Agencies,4260624896.0,0.060510002,0.634,OMC,0.0,0.0,0.0,0,0,False,0.1453,1.7000000000000028,74.87,21.6095,-8.117578842638654,0.3645875517563776,0.16411745003907546,0.36746987951807264,0.36746987951807264,0.0,0.0,0.1453,0.2074277613843651,0.060510002,0.634,1.9,89.3,53.6,32.9,72.6,50.1,63.7,99.3,14.2,96.4,63.4,54.9,False,False
Consumer Cyclical,163380281344,18.755484,16.746452,12.31,230.88,230.88,341.75,229.2,293.7586,29.0,2.05882,McDonald's Corporation,Restaurants,6262374912.0,,0.037,MCD,0.0,0.0,0.0,0,0,False,0.0303,0.10000000000000142,230.88,19.879007,0.05651806450895672,0.2723432085932086,0.3244184345281639,0.014926699244780156,0.014926699244780156,0.0,0.0,0.0303,0.0383300534218965,0.0,0.037,56.9,76.1,89.6,2.4,72.6,50.1,48.1,60.0,3.4,19.9,48.6,54.9,True,True
Financial Services,26563620864,13.74074,9.647064,4.59,63.07,63.07,75.33,47.955,79.13889,18.0,1.57895,"Citizens Financial Group, Inc.",Banks - Regional,,0.08270001,0.147,CFG,0.0,0.0,0.0,0,0,False,0.1906,0.19999999999999574,63.07,13.749459,0.0006341340412011306,0.25477865863326465,0.16275056418425593,0.5521461187214612,0.5521461187214612,0.0,0.0,0.1906,0.0,0.08270001,0.147,51.4,71.8,52.4,55.9,72.6,50.1,71.6,14.0,21.3,66.1,49.3,54.9,False,False
Consumer Cyclical,152676401152,25.703703,24.040794,5.4,138.8,138.8,170.0,122.78,169.8,20.0,,"TJX Companies, Inc. (The)",Apparel Retail,4398125056.0,0.62171,0.054,TJX,0.0,0.0,0.0,0,0,False,1.0831,0.5,138.8,19.879007,-0.29300739217004146,0.223342939481268,0.1835294117647058,0.3392630241423128,0.3392630241423128,0.0,0.0,1.0831,0.02880684259528334,0.62171,0.054,29.6,61.8,62.8,29.9,72.6,50.1,97.4,45.5,90.5,29.3,53.1,54.9,False,False
Financial Services,87515750400,11.2115755,9.674241,5.01,56.17,56.17,66.08,45.02,69.0,21.0,1.86957,U.S. Bancorp,Banks - Regional,,0.12623,0.104,USB,0.0,5482004.86,-5482004.86,0,3,False,7.7495,-0.20000000000000284,56.17,13.749459,0.18458060786246205,0.22841374399145448,0.14996973365617428,0.5294396961063629,0.5294396961063629,-6.26402085903842e-05,0.0,7.7495,0.0,0.12623,0.104,72.0,64.5,47.2,53.6,18.7,50.1,99.1,14.0,39.9,53.6,45.5,54.8,False,False
Consumer Cyclical,9181546496,43.78218,6.780441,1.01,44.22,44.22,88.93,42.56,65.77778,18.0,1.65,Aptiv PLC,Auto Parts,1615874944.0,0.05158,0.023,APTV,8254508.4,0.0,8254508.4,4,0,False,0.0134,-7.899999999999999,44.22,19.879007,-1.202432948486813,0.4875119855269111,0.5027549758236816,0.03579900797929688,0.03579900797929688,0.000899032467307782,0.0,0.0134,0.175991587550525,0.05158,0.023,10.4,96.4,99.1,5.2,99.8,50.1,44.8,98.3,13.5,15.3,4.5,54.8,False,False
Industrials,45337878528,39.855072,16.603373,1.38,55.0,55.0,76.76,50.24,75.27818,22.0,1.96,Carrier Global Corporation,Building Products & Equipment,861750016.0,0.08966,0.039,CARR,0.0,0.0,0.0,0,0,False,0.2628,3.6000000000000014,55.0,28.691016,-0.38911330292381413,0.3686941818181819,0.2834809796769151,0.1794871794871794,0.1794871794871794,0.0,0.0,0.2628,0.01900728582762857,0.08966,0.039,24.9,89.8,84.1,16.6,72.6,50.1,79.6,31.3,24.4,20.6,79.3,54.7,False,False
Industrials,148842496000,67.25715,45.63309,2.8,188.32,188.32,254.35,176.77,271.76923,26.0,1.5,Boeing Company (The),Aerospace & Defense,5625375232.0,1.73537,0.08,BA,0.0,0.0,0.0,0,0,False,-0.1183,1.8999999999999986,188.32,28.691016,-1.3441885083470027,0.4431246282922685,0.25960290937684294,0.1488785769528227,0.1488785769528227,0.0,0.0,-0.1183,0.03779414739188464,1.73537,0.08,8.8,95.0,80.6,14.5,72.6,50.1,20.1,59.7,98.6,42.5,65.6,54.6,False,False
Energy,58188890112,16.536932,14.245578,3.52,58.21,58.21,67.45,38.8,68.36,25.0,2.23077,Occidental Petroleum Corporatio,Oil & Gas E&P,3788124928.0,0.10629,0.534,OXY,0.0,0.0,0.0,0,0,False,,-2.5,58.21,16.9539385,0.02459643816686013,0.17436866517780447,0.13699036323202374,0.6774869109947644,0.6774869109947644,0.0,0.0,0.0,0.06510048431425218,0.10629,0.534,54.5,46.4,40.0,72.5,72.6,50.1,37.9,82.2,31.5,94.8,25.9,54.5,False,False
Communication Services,29380872192,35.513954,15.763629,4.3,152.71,152.71,263.5,119.27,213.70909,33.0,1.94118,"Reddit, Inc.",Internet Content & Information,678068736.0,0.30712,0.611,RDDT,0.0,0.0,0.0,0,0,False,-0.3302,-7.0,152.71,21.6095,-0.6434417270182095,0.3994439787833147,0.4204554079696394,0.2318519032101505,0.2318519032101505,0.0,0.0,-0.3302,0.023078577503380878,0.30712,0.611,17.5,92.7,96.7,20.6,72.6,50.1,8.3,38.2,75.6,96.2,6.6,54.4,False,False
Real Estate,13236678656,23.838385,28.158598,2.97,70.8,70.8,83.66,66.86,86.11111,18.0,2.05,Regency Centers Corporation,REIT - Retail,743363968.0,0.081870005,0.089,REG,0.0,0.0,0.0,0,0,False,-0.2095,8.600000000000001,70.8,29.072845,0.18004636285165768,0.21625861581920905,0.15371742768348076,0.23452380952380944,0.23452380952380944,0.0,0.0,-0.2095,0.05615940277155883,0.081870005,0.089,71.3,59.7,48.8,21.1,72.6,50.1,12.8,76.8,21.1,46.4,97.9,54.4,False,False
Industrials,36521312256,33.771156,26.189066,5.2,175.61,175.61,252.03,126.01,227.13635,22.0,2.41667,"Old Dominion Freight Line, Inc.",Trucking,970776000.0,0.24818,0.104,ODFL,0.0,3958277.28,-3958277.28,0,1,False,0.1671,-4.5,175.61,28.691016,-0.17706378888778274,0.29341352998120823,0.30321787088838625,0.39358831931439464,0.39358831931439464,-0.0001083826685156885,0.0,0.1671,0.026581082114334856,0.24818,0.104,36.5,81.0,87.7,37.2,13.7,50.1,67.3,41.9,69.4,53.6,15.5,54.3,False,False
Financial Services,55681724416,10.478162,9.1322565,4.35,45.58,45.58,56.2,40.78,54.31389,18.0,2.61905,Truist Financial Corporation,Banks - Regional,,0.09059,0.082,TFC,1015576.8,890708.66,124868.14,1,2,False,-0.0263,5.200000000000003,45.58,13.749459,0.23792187023503983,0.19161671785871,0.1889679715302492,0.3112840466926068,0.3112840466926068,2.242533637555942e-06,0.0,-0.0263,0.0,0.09059,0.082,77.0,52.8,64.0,27.5,96.0,50.1,29.4,14.0,25.6,44.1,88.2,54.3,False,False
Consumer Defensive,26946134016,15.862338,14.69645,7.7,122.14,122.14,158.23,95.11,141.44827,29.0,2.36667,Dollar General Corporation,Discount Stores,1738019712.0,0.19692,0.052,DG,0.0,732554.84,-732554.84,0,1,False,-0.1678,2.0,122.14,22.329308,0.2896180213018693,0.15808310135909617,0.22808569803450668,0.42823193916349817,0.42823193916349817,-2.7185897597222133e-05,0.0,-0.1678,0.06449977985591564,0.19692,0.052,80.3,39.8,74.2,41.9,31.3,50.1,15.9,81.8,59.2,28.3,67.2,54.3,False,False
Technology,42365538304,114.73529,17.02174,0.68,78.02,78.02,105.91,48.52,107.84,25.0,1.53846,Microchip Technology Incorporat,Semiconductors,1364762496.0,0.0719,0.38,MCHP,0.0,0.0,0.0,0,0,False,,1.9000000000000057,78.02,37.183266,-2.08567004307798,0.38220968982312237,0.26333679539231425,0.5140268339431956,0.5140268339431956,0.0,0.0,0.0,0.03221397745986256,0.0719,0.38,5.0,90.8,81.0,51.4,72.6,50.1,37.9,50.7,17.8,89.8,66.5,54.3,False,False
Financial Services,13891572736,7.6628594,6.0454736,47.28,362.3,362.3,401.07,302.44,410.8125,16.0,2.41176,"Everest Group, Ltd.",Insurance - Reinsurance,2064625024.0,0.12572,-0.113,EG,0.0,0.0,0.0,0,0,False,0.1222,-0.20000000000000284,362.3,13.749459,0.44267920650550685,0.13390146287606952,0.09666641733363249,0.6069147318260166,0.6069147318260166,0.0,0.0,0.1222,0.14862428201880454,0.12572,-0.113,87.4,30.6,21.3,63.3,72.6,50.1,58.8,97.6,39.1,0.2,45.5,54.3,False,False
Communication Services,190164074496,11.919271,8.657182,3.84,45.77,45.77,51.68,38.39,51.12174,23.0,2.26923,Verizon Communications Inc.,Telecom Services,17466624000.0,0.15842,-0.007,VZ,0.0,101365.0,-101365.0,0,1,False,0.4463,-2.799999999999997,45.77,21.6095,0.4484244892292742,0.1169268079528075,0.11435758513931882,0.5553047404063207,0.5553047404063207,-5.330396935838275e-07,0.0,0.4463,0.09185028269031646,0.15842,-0.007,88.4,25.6,28.7,56.6,50.0,50.1,90.3,91.9,50.2,6.2,23.2,54.2,False,False
Financial Services,32188143616,7.3810644,9.649013,12.78,94.33,94.33,107.09,82.45,111.07895,19.0,2.25,Arch Capital Group Ltd.,Insurance - Diversified,4302125056.0,0.19936001,-0.105,ACGL,0.0,1093528.61,-1093528.61,0,1,False,-0.0189,1.7999999999999972,94.33,13.749459,0.46317419470831545,0.1775569808120429,0.11915211504342146,0.48214285714285693,0.48214285714285693,-3.3973025069281464e-05,0.0,-0.0189,0.1336555816117805,0.19936001,-0.105,91.0,47.6,30.6,48.8,27.0,50.1,30.3,97.2,60.2,0.7,64.2,54.2,False,False
Real Estate,13384067072,28.569231,29.284216,0.65,18.57,18.57,27.75,18.26,29.90909,11.0,1.66667,Weyerhaeuser Company,REIT - Specialty,13625000.0,0.04974,-0.009,WY,0.0,0.0,0.0,0,0,False,-0.13,3.3000000000000043,18.57,29.072845,0.017322487702871956,0.6106133548734517,0.3308108108108108,0.03266596417281336,0.03266596417281336,0.0,0.0,-0.13,0.001018001473446292,0.04974,-0.009,53.6,98.1,90.8,4.3,72.6,50.1,19.4,18.0,12.6,5.5,76.8,54.0,True,False
Energy,55507533824,15.207254,14.113993,5.79,88.05,88.05,99.85,64.02,101.2,20.0,2.27273,"ONEOK, Inc.",Oil & Gas Midstream,899875008.0,0.16277,0.528,OKE,0.0,0.0,0.0,0,0,False,0.2754,-0.30000000000000426,88.05,16.9539385,0.1030252940931689,0.1493469619534356,0.11817726589884825,0.6706670387943066,0.6706670387943066,0.0,0.0,0.2754,0.016211763449143143,0.16277,0.528,62.6,37.0,30.1,71.8,72.6,50.1,80.1,28.2,50.7,94.2,44.8,54.0,False,False
Consumer Defensive,11902939136,16.735485,15.135513,1.55,25.94,25.94,31.92,22.61,28.25882,17.0,3.16667,Brown Forman Inc,Beverages - Wineries & Distilleries,685625024.0,0.18122,-0.014,BF-B,0.0,0.0,0.0,0,0,False,0.1642,3.5,25.94,22.329308,0.25051483906263466,0.08939167309175014,0.18734335839598998,0.3576799140708916,0.3576799140708916,0.0,0.0,0.1642,0.05760132150271628,0.18122,-0.014,78.4,17.8,63.7,32.5,72.6,50.1,66.7,77.7,55.2,4.9,77.8,53.9,False,False
Financial Services,45453455360,16.87542,10.123657,2.97,50.12,50.12,59.5,40.05,61.9,20.0,1.66667,Fifth Third Bancorp,Banks - Regional,,0.08438,0.518,FITB,0.0,0.0,0.0,0,0,False,0.4354,3.200000000000003,50.12,13.749459,-0.22735156343242294,0.23503591380686356,0.15764705882352945,0.5177377892030848,0.5177377892030848,0.0,0.0,0.4354,0.0,0.08438,0.518,33.2,66.4,50.2,52.4,72.6,50.1,89.6,14.0,22.0,93.4,75.9,53.8,False,False
Industrials,29969074176,31.786007,19.746546,2.43,77.24,77.24,100.96,68.07,94.71154,13.0,2.0,Ingersoll Rand Inc.,Specialty Industrial Machinery,1107425024.0,0.0947,0.085,IR,0.0,0.0,0.0,0,0,False,0.176,-0.5,77.24,28.691016,-0.10787317535217296,0.22619808389435533,0.23494453248811412,0.2788081483733658,0.2788081483733658,0.0,0.0,0.176,0.03695226010307833,0.0947,0.085,41.0,63.0,75.6,24.4,72.6,50.1,69.4,58.1,28.0,45.0,42.1,53.7,False,False
Basic Materials,34018996224,31.144995,21.740038,15.38,479.01,479.01,710.97,470.19,641.125,24.0,1.83333,"Martin Marietta Materials, Inc.",Building Materials,593374976.0,0.08894,0.21,MLM,0.0,0.0,0.0,0,0,False,-0.1017,-1.2000000000000028,479.01,28.9105875,-0.07728682442029251,0.33843761090582664,0.3262584919194903,0.036630949414403154,0.036630949414403154,0.0,0.0,-0.1017,0.017442459856630954,0.08894,0.21,43.1,87.0,89.8,5.7,72.6,50.1,21.8,29.9,23.7,76.3,36.0,53.7,False,False
Real Estate,13228955648,53.314285,133.2857,0.35,18.66,18.66,22.95,15.7,22.94737,19.0,2.40909,"Healthpeak Properties, Inc.",REIT - Healthcare Facilities,1645113088.0,0.03039,0.111,DOC,0.0,0.0,0.0,0,0,False,0.1732,9.700000000000003,18.66,29.072845,-0.8338172614341663,0.22976259378349406,0.18692810457516337,0.40827586206896566,0.40827586206896566,0.0,0.0,0.1732,0.12435698869764629,0.03039,0.111,14.0,64.9,63.5,39.3,72.6,50.1,68.7,96.9,9.2,57.8,98.6,53.6,False,False
Financial Services,120187822080,12.582531,8.2445135,15.57,195.91,195.91,259.64,174.24,257.1905,21.0,1.56522,Capital One Financial Corporati,Credit Services,,0.09031,11.11,COF,0.0,2772069.57,-2772069.57,0,3,False,,-4.800000000000004,195.91,13.749459,0.08487083019048243,0.31279924455106933,0.24545524572484975,0.25374707259953155,0.25374707259953155,-2.3064479595568688e-05,0.0,0.0,0.0,0.09031,11.11,60.4,83.9,78.2,22.3,32.5,50.1,37.9,14.0,25.1,100.0,14.5,53.6,False,False
Healthcare,95080972288,14.722427,13.721361,29.83,439.17,439.17,556.52,353.99,459.27274,22.0,1.96154,"HCA Healthcare, Inc.",Medical Care Facilities,3738125056.0,,0.087,HCA,0.0,0.0,0.0,0,0,False,0.1576,2.1000000000000014,439.17,27.553089999999997,0.4656705654429321,0.04577439260423067,0.21086394019981308,0.42057966720979617,0.42057966720979617,0.0,0.0,0.1576,0.039315174908784375,0.0,0.087,91.5,10.7,69.7,40.8,72.6,50.1,65.4,61.6,3.4,45.6,68.1,53.5,False,False
Industrials,64572841984,24.944456,18.099747,41.59,1037.44,1037.44,1179.18,701.59,1265.9524,21.0,1.77273,"United Rentals, Inc.",Rental & Leasing Services,1706249984.0,0.28895,0.118,URI,0.0,1699731.6,-1699731.6,0,1,False,0.0986,-7.399999999999999,1037.44,28.691016,0.13058303686422265,0.22026565391733482,0.12020217439237436,0.703218241587973,0.703218241587973,-2.632270081005825e-05,0.0,0.0986,0.026423647025211904,0.28895,0.118,66.1,60.9,30.8,75.4,31.8,50.1,56.6,41.5,73.2,59.4,5.7,53.5,False,False
Industrials,20409765888,26.075,9.231968,1.6,41.72,41.72,55.11,29.26,49.43913,23.0,2.44,Southwest Airlines Company,Airlines,-834750016.0,0.11099,0.164,LUV,0.0,0.0,0.0,0,0,False,,3.1000000000000014,41.72,28.691016,0.09117892513809904,0.18502229146692234,0.24296860823806932,0.4820116054158607,0.4820116054158607,0.0,0.0,0.0,-0.04089953900406053,0.11099,0.164,60.9,50.5,77.7,48.6,72.6,50.1,37.9,7.6,33.4,69.5,75.0,53.5,False,False
Technology,32122681344,53.23226,18.218954,1.55,82.51,82.51,134.92,44.56,104.46154,26.0,2.13333,ON Semiconductor Corporation,Semiconductors,1656649984.0,0.08312,0.092,ON,0.0,1246240.0,-1246240.0,0,1,False,0.5286,-8.200000000000003,82.51,37.183266,-0.43161872870446594,0.26604702460307833,0.3884524162466646,0.4199867197875167,0.4199867197875167,-3.879626319652726e-05,0.0,0.5286,0.05157259340398854,0.08312,0.092,23.5,74.6,95.3,40.3,24.6,50.1,92.7,72.5,21.8,47.3,4.3,53.4,False,False
Technology,44091408384,46.07722,16.909718,2.59,119.34,119.34,166.86,53.07,160.5,10.0,1.27273,Flex Ltd.,Electronic Components,625750016.0,0.18378,0.206,FLEX,0.0,332352.36,-332352.36,0,1,False,-0.8695,-0.6999999999999957,119.34,37.183266,-0.23919238293914238,0.3448969331322272,0.28478964401294504,0.5823886105984708,0.5823886105984708,-7.537803217930431e-06,0.0,-0.8695,0.014192107690238213,0.18378,0.206,32.9,87.9,84.4,60.7,40.8,50.1,0.9,26.8,56.4,75.8,40.2,53.4,False,False
Consumer Cyclical,21517531136,22.756145,17.223848,15.87,361.14,361.14,421.6,306.55,446.70587,17.0,1.52632,Ralph Lauren Corporation,Apparel Manufacturing,880087488.0,0.37537,0.14,RL,0.0,1096031.45,-1096031.45,0,1,False,0.3155,-3.6000000000000014,361.14,19.879007,-0.144732480852791,0.23693268538516923,0.14340607210626194,0.47448935245545387,0.47448935245545387,-5.093667312818615e-05,0.0,0.3155,0.0409009510634594,0.37537,0.14,39.3,66.8,43.8,47.9,21.3,50.1,83.9,63.5,81.0,64.3,18.8,53.2,False,False
Real Estate,52690472960,26.93314,28.616978,10.47,281.99,281.99,335.55,256.54,335.05557,18.0,2.5,Public Storage,REIT - Industrial,2334240256.0,0.21929,0.033,PSA,0.0,0.0,0.0,0,0,False,0.0134,2.6999999999999957,281.99,29.072845,0.07359806032054995,0.18818245327848498,0.15961853673074058,0.3221111251740285,0.3221111251740285,0.0,0.0,0.0134,0.04430099266279199,0.21929,0.033,59.2,51.7,51.4,28.0,72.6,50.1,44.8,66.1,63.7,18.1,71.7,53.2,False,False
Financial Services,12557968384,10.843398,9.904694,15.07,163.41,163.41,191.55,127.85,192.90909,11.0,1.90909,Globe Life Inc.,Insurance - Life,1163503360.0,0.20944999,0.08,GL,0.0,25429874.31,-25429874.31,0,5,False,0.0891,-5.600000000000001,163.41,13.749459,0.21135820689381302,0.18052193868184319,0.1469068128425999,0.5582417582417581,0.5582417582417581,-0.0020249990709006707,0.0,0.0891,0.09265060433520518,0.20944999,0.08,74.2,48.3,45.5,57.1,1.2,50.1,55.2,92.4,61.8,42.5,11.4,53.1,False,False
Technology,26423392256,24.463829,12.772559,16.45,402.43,402.43,427.46,252.84,461.0,15.0,1.6875,"Corpay, Inc.",Software - Infrastructure,1946175872.0,0.29215,0.215,CPAY,0.0,100620116.11,-100620116.11,0,3,False,0.0717,-4.100000000000001,402.43,37.183266,0.3420742276915643,0.14554083940064108,0.058555186450194106,0.8566601763830032,0.8566601763830032,-0.0038079938841748084,0.0,0.0717,0.07365352083277948,0.29215,0.215,82.9,35.3,9.7,91.5,0.7,50.1,52.6,86.0,73.5,77.0,16.9,52.9,False,False
Financial Services,13156128768,12.7683115,11.382442,20.89,266.73,266.73,303.94,206.03,326.66666,6.0,1.42857,"Assurant, Inc.",Insurance - Property & Casualty,2149574912.0,0.18341999,0.094,AIZ,0.0,1188989.52,-1188989.52,0,1,False,0.026,-4.899999999999999,266.73,13.749459,0.07135898947005846,0.22470910658718538,0.1224254787129038,0.6199571034623635,0.6199571034623635,-9.037533312170148e-05,0.0,0.026,0.163389622426657,0.18341999,0.094,58.8,62.1,32.0,64.9,15.4,50.1,47.4,98.1,56.2,48.6,14.1,52.9,False,False
Real Estate,45877366784,22.716476,40.32785,2.61,59.29,59.29,71.5,57.57,73.44211,19.0,2.09524,Vivmark Residential,REIT - Residential,1387120000.0,0.08487,0.033,VMRK,0.0,93659.4,-93659.4,0,2,False,,6.100000000000001,59.29,29.072845,0.21863594704955777,0.23869303423848878,0.17076923076923078,0.12347451543431436,0.12347451543431436,-2.0415164724027768e-06,0.0,0.0,0.030235388324069336,0.08487,0.033,75.4,68.0,56.2,11.8,46.9,50.1,37.9,47.9,22.3,18.1,91.1,52.9,False,False
Consumer Defensive,115846823936,14.606316,11.831453,4.75,69.38,69.38,77.06,54.7,70.0,11.0,2.64286,"Altria Group, Inc.",Tobacco,9033374720.0,,0.012,MO,101430.0,0.0,101430.0,1,0,False,0.3087,4.200000000000003,69.38,22.329308,0.3458679507667681,0.008936292879792513,0.09966260057098374,0.6565295169946329,0.6565295169946329,8.755527044577017e-07,0.0,0.3087,0.07797688717811134,0.0,0.012,83.2,6.9,23.2,69.7,95.3,50.1,83.2,87.9,3.4,12.0,81.9,52.6,False,False
Healthcare,14618813440,10.511627,11.877759,8.17,85.88,85.88,94.16,62.38,94.30769,13.0,2.2,Solventum Corporation,Medical Instruments & Supplies,489000000.0,0.33960998,0.022,SOLV,0.0,0.0,0.0,0,0,False,-0.1772,3.5,85.88,27.553089999999997,0.6184955299024537,0.09813332557056356,0.0879354290569244,0.7394587791063562,0.7394587791063562,0.0,0.0,-0.1772,0.033450047229004104,0.33960998,0.022,96.4,20.9,18.2,78.4,72.6,50.1,14.7,53.3,77.5,14.6,77.8,52.3,False,False
Consumer Defensive,10759357440,31.532257,12.471849,0.62,19.55,19.55,26.6,19.42,25.9375,8.0,2.6,Hormel Foods Corporation,Packaged Foods,621551616.0,0.042930003,-0.024,HRL,201000.0,0.0,201000.0,1,0,False,-0.0364,2.799999999999997,19.55,22.329308,-0.4121466280997154,0.3267263427109974,0.2650375939849624,0.018105849582172564,0.018105849582172564,1.868141300452976e-05,0.0,-0.0364,0.05776846986133774,0.042930003,-0.024,24.4,85.8,81.3,2.6,97.9,50.1,27.5,78.0,11.4,4.1,73.1,52.2,False,False
Financial Services,22199781376,10.448795,10.086872,9.96,104.07,104.07,122.0,85.22,107.30769,13.0,3.35714,"T. Rowe Price Group, Inc.",Asset Management,2023912448.0,0.19399999,0.107,TROW,0.0,0.0,0.0,0,0,False,-0.0739,4.699999999999996,104.07,13.749459,0.24005773608983447,0.031110694724704534,0.14696721311475416,0.5125067971723761,0.5125067971723761,0.0,0.0,-0.0739,0.09116812520451373,0.19399999,0.107,77.3,8.8,45.7,51.2,72.6,50.1,23.9,91.5,58.8,55.3,85.0,52.2,False,False
Technology,189135732736,20.499998,17.357882,8.64,177.12,177.12,259.92,121.99,194.13333,30.0,2.56757,QUALCOMM Incorporated,Semiconductors,10241000448.0,0.33754003,-0.04,QCOM,0.0,3968281.9,-3968281.9,0,2,False,-0.3876,1.7999999999999972,177.12,37.183266,0.44867677841962567,0.09605538617886177,0.3185595567867036,0.3996954977162329,0.3996954977162329,-2.0981132663805093e-05,0.0,-0.3876,0.05414630170542456,0.33754003,-0.04,88.6,20.4,89.1,38.2,33.6,50.1,6.2,75.1,77.3,2.8,64.2,52.1,False,False
Healthcare,20443822080,25.63325,17.120773,8.18,209.68,209.68,269.44,195.14,263.125,8.0,1.77778,STERIS plc (Ireland),Medical Devices,798862528.0,0.11389,0.073,STE,0.0,956795.24,-956795.24,0,1,False,,0.0,209.68,27.553089999999997,0.06967784738481228,0.25488840137352153,0.22179334916864604,0.19569313593539728,0.19569313593539728,-4.6801191883587356e-05,0.0,0.0,0.03907598710622314,0.11389,0.073,58.5,72.3,73.2,18.0,23.0,50.1,37.9,61.1,34.4,40.2,47.0,52.1,False,False
Technology,28005779456,29.228352,22.554306,20.67,604.15,604.15,697.67,483.02,758.0833,12.0,1.75,Teledyne Technologies Incorpora,Scientific & Technical Instruments,912675008.0,0.09154,0.098,TDY,0.0,4708875.81,-4708875.81,0,2,False,,-1.3999999999999986,604.15,37.183266,0.21393801179272423,0.25479318050153116,0.13404618229248783,0.5643139995341253,0.5643139995341253,-0.00016813943055568706,0.0,0.0,0.03258880937179083,0.09154,0.098,74.6,72.0,38.6,57.6,9.5,50.1,37.9,51.4,25.8,50.6,34.1,52.1,False,False
Industrials,18616076288,18.343018,16.760227,19.62,359.89,359.89,423.02,320.8,414.8889,9.0,2.45455,Snap-On Incorporated,Tools & Accessories,1109474944.0,0.17932,0.042,SNA,0.0,13504667.55,-13504667.55,0,4,False,0.464,-3.3000000000000043,359.89,28.691016,0.3606703227240193,0.1528214176553947,0.14923644272138434,0.3824104871845039,0.3824104871845039,-0.0007254303936595471,0.0,0.464,0.05959767927654939,0.17932,0.042,84.4,37.7,46.7,35.3,2.1,50.1,90.8,79.1,54.7,21.8,19.9,52.1,False,False
Real Estate,41056227328,148.22221,101.31645,0.54,80.04,80.04,101.6,66.93,101.81818,22.0,1.56522,"Ventas, Inc.",REIT - Healthcare Facilities,1486853504.0,0.02012,0.217,VTR,0.0,0.0,0.0,0,0,False,0.2162,12.299999999999997,80.04,29.072845,-4.098304276722831,0.272091204397801,0.2122047244094487,0.3781367176233056,0.3781367176233056,0.0,0.0,0.2162,0.036215054347820665,0.02012,0.217,2.6,75.8,70.1,34.8,72.6,50.1,75.0,57.3,8.1,77.3,99.8,52.1,False,False
Industrials,60594675712,33.248707,22.686323,32.97,1096.21,1096.21,1463.03,1071.25,1475.55,20.0,2.08696,Transdigm Group Incorporated,Aerospace & Defense,1457374976.0,,0.225,TDG,0.0,0.0,0.0,0,0,False,-0.1386,1.2000000000000028,1096.21,28.691016,-0.158854290834455,0.3460468340920078,0.25072623254478715,0.06370922456480688,0.06370922456480688,0.0,0.0,-0.1386,0.024051205140972236,0.0,0.225,38.2,88.2,79.4,7.6,72.6,50.1,17.8,38.9,3.4,78.0,58.9,52.1,False,False
Financial Services,213571256320,13.749459,9.828564,9.26,127.32,127.32,147.96,93.66,152.75,20.0,1.68182,"Citigroup, Inc.",Banks - Diversified,,0.08529,0.155,C,0.0,0.0,0.0,0,0,False,0.1108,6.800000000000004,127.32,13.749459,0.0,0.1997329563305059,0.1394971613949717,0.6198895027624307,0.6198895027624307,0.0,0.0,0.1108,0.0,0.08529,0.155,50.1,55.7,41.5,64.7,72.6,50.1,58.1,14.0,22.5,68.6,92.9,51.9,False,False
Consumer Defensive,18188138496,31.91358,12.711979,1.62,51.7,51.7,69.48,49.96,63.41667,12.0,2.53846,"Tyson Foods, Inc.",Farm Products,1191250048.0,0.03263,-0.001,TSN,1001616.65,0.0,1001616.65,1,0,False,0.2275,0.6000000000000014,51.7,22.329308,-0.42922387026055614,0.22662804642166345,0.25590097869890616,0.08913934426229517,0.08913934426229517,5.506977254545753e-05,0.0,0.2275,0.06549598510380729,0.03263,-0.001,23.7,63.7,80.1,9.2,98.8,50.1,76.1,82.5,10.2,7.1,54.0,51.9,False,False
Consumer Cyclical,69567184896,33.20635,27.906853,1.89,62.76,62.76,97.378,54.464,82.28571,21.0,2.0,Carvana Co.,Auto & Truck Dealerships,424375008.0,0.58773,0.524,CVNA,0.0,308202.8,-308202.8,0,1,False,-0.1175,0.5,62.76,19.879007,-0.6704229743467568,0.3111171128107074,0.3555012425804597,0.19331686629072095,0.19331686629072095,-4.430289948641017e-06,0.0,-0.1175,0.006100218208260442,0.58773,0.524,17.1,83.6,92.9,17.8,44.3,50.1,20.4,20.6,90.0,93.6,53.1,51.8,False,False
Industrials,23338338304,24.11335,19.989225,3.97,95.73,95.73,105.75,80.03,114.0,15.0,1.875,Veralto Corp,Pollution & Treatment Controls,807124992.0,0.34312,0.075,VLTO,0.0,816178.74,-816178.74,0,2,False,0.0178,1.2999999999999972,95.73,28.691016,0.15955050180167898,0.19084926355374485,0.09475177304964535,0.610419906687403,0.610419906687403,-3.4971587495589335e-05,0.0,0.0178,0.034583652935636186,0.34312,0.075,69.4,52.4,20.4,63.7,25.8,50.1,46.2,55.2,78.0,40.6,60.0,51.8,False,False
Consumer Cyclical,12654346240,18.288061,14.927175,9.13,166.97,166.97,199.54,152.42,199.6,10.0,1.54545,Avery Dennison Corporation,Packaging & Containers,1004600000.0,0.3116,0.109,AVY,0.0,962209.04,-962209.04,0,2,False,-0.2824,5.399999999999999,166.97,19.879007,0.08003146233612184,0.19542432772354312,0.16322541846246363,0.3087860780984722,0.3087860780984722,-7.603783093578448e-05,0.0,-0.2824,0.079387744016715,0.3116,0.109,60.0,53.8,53.1,27.0,17.8,50.1,9.5,88.9,75.8,56.8,88.7,51.8,False,False
Industrials,61285994496,42.848427,28.93659,40.64,1741.36,1741.36,2073.99,770.47,2197.0,8.0,,"Comfort Systems USA, Inc.",Engineering & Construction,1841915392.0,0.55292,0.503,FIX,0.0,43211811.06,-43211811.06,0,3,False,0.1852,-10.399999999999999,1741.36,28.691016,-0.49344404534158004,0.2616575550144715,0.16038167975737583,0.744821713514177,0.744821713514177,-0.0007050846023689857,0.0,0.1852,0.030054426091106635,0.55292,0.503,21.1,73.0,51.9,78.9,2.4,50.1,71.1,47.6,89.3,92.9,1.7,51.7,False,False
Financial Services,26995087360,17.987005,12.718757,16.16,290.67,290.67,351.51,240.61,374.57895,19.0,1.7619,Willis Towers Watson Public Lim,Insurance Brokers,1415624960.0,0.19761999,0.091,WTW,0.0,250171.73,-250171.73,0,1,False,,-3.299999999999997,290.67,13.749459,-0.30819728979882044,0.28867426979048405,0.1730818468891354,0.4513976555455366,0.4513976555455366,-9.267305812489877e-06,0.0,0.0,0.05244009553003351,0.19761999,0.091,29.1,79.6,58.1,44.8,39.3,50.1,37.9,73.7,59.7,46.9,20.3,51.5,False,False
Consumer Defensive,41559625728,30.848486,12.068905,0.99,30.54,30.54,33.82,24.88,36.20588,17.0,1.83333,Keurig Dr Pepper Inc.,Beverages - Non-Alcoholic,4607249920.0,0.051,0.756,KDP,0.0,0.0,0.0,0,0,False,0.0922,5.699999999999996,30.54,22.329308,-0.3815244968630465,0.18552324819908322,0.09698403311649914,0.6331096196868008,0.6331096196868008,0.0,0.0,0.0922,0.1108587923807012,0.051,0.756,25.6,50.9,21.8,67.3,72.6,50.1,55.5,95.0,13.3,97.4,90.0,51.4,False,False
Consumer Cyclical,22797228032,19.28134,16.249365,10.45,201.49,201.49,229.76,169.0,233.44,25.0,1.85185,"Darden Restaurants, Inc.",Restaurants,794787520.0,0.55431,0.051,DRI,0.0,0.0,0.0,0,0,False,0.1838,-6.400000000000006,201.49,19.879007,0.030065234143737726,0.15856866345724346,0.1230414345403899,0.5347267939433841,0.5347267939433841,0.0,0.0,0.1838,0.03486334035367691,0.55431,0.051,55.2,40.3,32.7,54.3,72.6,50.1,70.9,55.7,89.6,27.6,8.5,51.1,False,False
Healthcare,39916032000,36.39871,30.27205,13.92,506.67,506.67,769.98,500.61,701.3333,12.0,2.15385,"IDEXX Laboratories, Inc.",Diagnostics & Research,909368384.0,0.74211,0.097,IDXX,0.0,1172177.97,-1172177.97,0,1,False,-0.1576,-1.7000000000000028,506.67,27.553089999999997,-0.3210391284607282,0.3842013539384609,0.34196992129665704,0.02249693729814011,0.02249693729814011,-2.9366094555691307e-05,0.0,-0.1576,0.022782033645027643,0.74211,0.097,28.4,91.0,91.9,3.1,29.9,50.1,16.1,37.2,92.7,50.1,31.6,51.0,False,False
Consumer Cyclical,2803578699776,20.9107,24.833685,12.43,259.92,259.92,287.2,196.0,331.53,58.0,1.32203,"Amazon.com, Inc.",Internet Retail,3219124992.0,0.30558002,0.196,AMZN,0.0,506270.0,-506270.0,0,1,False,-0.1133,0.7000000000000028,259.92,19.879007,-0.05189861847727087,0.27550784856879024,0.09498607242339824,0.7008771929824564,0.7008771929824564,-1.8057991382244768e-07,0.0,-0.1133,0.0011482199491161782,0.30558002,0.196,44.3,77.3,20.6,74.4,50.5,50.1,20.9,18.5,74.9,74.4,55.5,50.9,False,False
Technology,53258158080,28.499485,24.802547,9.69,276.16,276.16,314.28,186.67,302.0,6.0,2.57143,Garmin Ltd.,Scientific & Technical Instruments,1043656256.0,0.21886998,0.114,GRMN,0.0,2975982.33,-2975982.33,0,1,False,0.3655,4.900000000000006,276.16,37.183266,0.23354002846334163,0.09356894553881798,0.12129311442026203,0.701277329362903,0.701277329362903,-5.587843134810869e-05,0.0,0.3655,0.01959617631597972,0.21886998,0.114,76.5,19.0,31.5,74.6,20.4,50.1,86.3,31.8,63.5,58.4,86.0,50.8,False,False
Real Estate,13586854912,33.394737,34.824684,3.42,114.21,114.21,144.41,114.19,141.4,25.0,2.53846,Mid-America Apartment Communiti,REIT - Residential,921182272.0,0.0705,0.01,MAA,0.0,0.0,0.0,0,0,False,,6.299999999999997,114.21,29.072845,-0.14865734674401485,0.23807022152175827,0.20912679177342292,0.0006618133686299147,0.0006618133686299147,0.0,0.0,0.0,0.06779952225635424,0.0705,0.01,38.9,67.3,69.4,0.2,72.6,50.1,37.9,84.1,16.8,10.7,91.5,50.6,False,False
Industrials,25117132800,28.147427,20.709032,16.89,475.41,475.41,565.4999,403.82,560.5833,12.0,2.0,Hubbell Inc,Electrical Equipment & Parts,495812512.0,0.24444,0.153,HUBB,0.0,283653.41,-283653.41,0,1,False,0.2624,-4.799999999999997,475.41,28.691016,0.0189463140656992,0.17915756925601056,0.1593101961644909,0.442788497518863,0.442788497518863,-1.1293224121504823e-05,0.0,0.2624,0.019740012363194576,0.24444,0.153,53.8,48.1,51.2,44.1,37.9,50.1,79.4,32.5,69.0,68.2,14.8,50.6,False,False
Healthcare,31781656576,21.666346,17.080723,10.43,225.98,225.98,284.87,180.27,250.22295,17.0,2.3,ResMed Inc.,Medical Instruments & Supplies,939248256.0,0.24269,0.086,RMD,0.0,1110190.55,-1110190.55,0,1,False,0.175,-2.1000000000000014,225.98,27.553089999999997,0.21365095530120204,0.10727918399858398,0.20672587496050834,0.4369980879541107,0.4369980879541107,-3.4931802479999214e-05,0.0,0.175,0.029553156039993075,0.24269,0.086,74.4,23.0,68.0,42.9,26.3,50.1,69.2,46.4,68.5,45.3,28.9,50.3,False,False
Financial Services,173789413376,25.601484,16.668997,41.78,1069.63,1069.63,1219.94,917.39,1315.8235,17.0,1.44444,"BlackRock, Inc.",Asset Management,7578124800.0,0.122779995,0.306,BLK,0.0,0.0,0.0,0,0,False,0.0692,8.899999999999999,1069.63,13.749459,-0.861999370302497,0.23016697362639402,0.1232109775890617,0.5031895554453812,0.5031895554453812,0.0,0.0,0.0692,0.043605215374105895,0.122779995,0.306,13.0,65.4,33.2,49.8,72.6,50.1,52.1,65.6,38.4,85.1,98.3,50.3,False,False
Technology,462820278272,35.252254,20.886675,3.33,117.39,117.39,130.37,66.81,136.16,25.0,1.86207,"Cisco Systems, Inc.",Communication Equipment,11182624768.0,0.27319,0.176,CSCO,0.0,0.0,0.0,0,0,False,0.0043,-11.200000000000003,117.39,37.183266,0.051932285883655366,0.15989436919669475,0.09956278284881494,0.7957835116425425,0.7957835116425425,0.0,0.0,0.0043,0.02416191617565201,0.27319,0.176,56.4,41.0,23.0,85.8,72.6,50.1,43.6,39.1,72.0,71.7,1.2,50.3,False,False
Real Estate,29066524672,29.072845,27.144115,4.53,131.7,131.7,158.88,125.71,158.25,20.0,2.14286,Extra Space Storage Inc,REIT - Industrial,1499437568.0,0.06953,0.038,EXR,0.0,0.0,0.0,0,0,False,0.1535,-0.6999999999999957,131.7,29.072845,0.0,0.20159453302961286,0.17107250755287015,0.18058486584262873,0.18058486584262873,0.0,0.0,0.1535,0.051586406869081926,0.06953,0.038,50.1,56.4,56.6,16.8,72.6,50.1,64.9,72.7,16.4,20.4,40.2,50.3,False,False
Financial Services,38764199936,10.177536,7.5613704,11.04,112.36,112.36,127.72,91.89,113.66667,15.0,3.38889,"Prudential Financial, Inc.",Insurance - Life,7527750144.0,0.12011,0.141,PRU,0.0,0.0,0.0,0,0,False,-0.0962,2.6000000000000014,112.36,13.749459,0.2597864395973689,0.011629316482734041,0.12026307547760726,0.5713089589729277,0.5713089589729277,0.0,0.0,-0.0962,0.19419335769675047,0.12011,0.141,78.7,7.1,31.3,59.0,72.6,50.1,22.0,98.8,37.0,64.8,70.9,50.2,False,False
Consumer Cyclical,72345755648,27.270857,25.134403,8.27,225.53,225.53,257.0,147.49,270.55557,18.0,1.75,"Ross Stores, Inc.",Apparel Retail,2002041600.0,0.42628,0.133,ROST,0.0,12767078.7,-12767078.7,0,2,False,0.375,6.899999999999999,225.53,19.879007,-0.3718420140402384,0.19964337338713248,0.12245136186770428,0.7126289836544608,0.7126289836544608,-0.0001764730851954678,0.0,0.375,0.027673241948580663,0.42628,0.133,25.8,55.2,32.2,76.5,9.2,50.1,86.7,43.6,84.1,62.9,93.4,50.2,False,False
Financial Services,47007576064,10.348399,9.4981785,5.31,54.95,54.95,79.215,38.46,56.91719,32.0,2.88095,"PayPal Holdings, Inc.",Credit Services,4423124992.0,0.24497,0.048,PYPL,0.0,474188.15,-474188.15,0,3,False,-0.1911,-0.4000000000000057,54.95,13.749459,0.24735955065577483,0.03579963603275696,0.3063182478066023,0.4046129309287204,0.4046129309287204,-1.0087483544235531e-05,0.0,-0.1911,0.09409387512298001,0.24497,0.048,78.0,9.5,88.2,39.1,38.6,50.1,13.7,92.7,69.2,25.1,42.8,50.2,False,False
Technology,74195828736,35.301575,23.073305,12.7,448.33,448.33,494.85,359.36,526.9091,11.0,,"Motorola Solutions, Inc.",Communication Equipment,1979000064.0,0.91567004,0.133,MSI,0.0,7378613.7,-7378613.7,0,2,False,0.3032,-3.200000000000003,448.33,37.183266,0.050605855870756576,0.17527067115740635,0.09400828533899169,0.6566536275739905,0.6566536275739905,-9.944782376182125e-05,0.0,0.3032,0.026672659335628988,0.91567004,0.133,55.9,46.9,20.1,69.9,14.0,50.1,82.7,42.4,95.3,62.9,20.7,50.2,False,False
Consumer Cyclical,23405027328,30.503372,27.000856,20.76,633.25,633.25,927.85,497.38,790.5263,19.0,1.6,"Caseys General Stores, Inc.",Specialty Retail,503306880.0,0.19983,0.243,CASY,0.0,0.0,0.0,0,0,False,-0.2355,-0.4000000000000057,633.25,19.879007,-0.5344514944836025,0.24836367943150414,0.3175082179231557,0.3156317513415569,0.3156317513415569,0.0,0.0,-0.2355,0.021504220992636134,0.19983,0.243,20.1,70.1,88.9,27.7,72.6,50.1,11.6,35.1,60.4,80.8,42.8,50.1,False,False
Consumer Defensive,68562460672,15.671859,15.806402,9.63,150.92,150.92,170.75,83.44,164.67647,34.0,2.47368,Target Corporation,Discount Stores,3432999936.0,0.26408002,0.053,TGT,0.0,10963508.26,-10963508.26,0,3,False,0.1927,-1.0,150.92,22.329308,0.2981484692673862,0.09115074211502788,0.1161346998535872,0.772878249914099,0.772878249914099,-0.00015990540818610602,0.0,0.1927,0.05007113079595161,0.26408002,0.053,81.0,18.5,28.9,82.2,10.2,50.1,72.0,70.9,70.9,28.7,37.7,50.1,False,False
Consumer Defensive,33671161856,20.383722,14.139264,0.86,17.53,17.53,20.13,14.02,19.5,12.0,,Kenvue Inc.,Household & Personal Products,1907500032.0,0.15581,0.03,KVUE,0.0,0.0,0.0,0,0,False,0.0523,5.100000000000001,17.53,22.329308,0.08713149552149141,0.11237877923559605,0.1291604570293094,0.5744680851063833,0.5744680851063833,0.0,0.0,0.0523,0.056650852743297744,0.15581,0.03,60.7,24.2,35.3,59.7,72.6,50.1,50.2,77.5,49.3,17.3,87.7,50.1,False,False
Consumer Cyclical,17740865536,14.074874,11.727095,6.01,84.59,84.59,96.53,55.1,86.95,20.0,2.8,"Best Buy Co., Inc.",Specialty Retail,1403374976.0,0.43126,0.036,BBY,0.0,38449576.9,-38449576.9,0,2,False,0.1516,3.1000000000000014,84.59,19.879007,0.29197298436486296,0.027899278874571453,0.12369211644048479,0.7118030412744388,0.7118030412744388,-0.0021672886715689045,0.0,0.1516,0.07910408729226051,0.43126,0.036,80.6,8.1,33.4,76.1,0.9,50.1,64.5,88.6,84.8,19.3,75.0,50.0,False,False
Basic Materials,55911243776,19.652313,12.240631,12.54,246.44,246.44,280.11,131.32,283.8125,16.0,1.76471,Nucor Corporation,Steel,683374976.0,0.14548999,0.23,NUE,0.0,11166804.12,-11166804.12,0,4,False,0.2115,-9.800000000000004,246.44,28.9105875,0.32023819993281005,0.15164948871936376,0.12020277748027566,0.7737079104778546,0.7737079104778546,-0.00019972376512921306,0.0,0.2115,0.012222496404083572,0.14548999,0.23,82.0,37.4,31.0,82.5,8.5,50.1,73.5,25.1,45.3,78.8,1.9,50.0,False,False
Energy,51630047232,35.120003,9.837336,5.25,184.38,184.38,216.9,137.03,234.65517,29.0,1.48387,"Diamondback Energy, Inc.",Oil & Gas E&P,5035500032.0,0.034930002,0.525,FANG,0.0,3734844705.61,-3734844705.61,0,4,False,0.5915,-3.200000000000003,184.38,16.9539385,-1.071495245780206,0.2726714936544094,0.14993084370677737,0.5928383623388005,0.5928383623388005,-0.07233858781549139,0.0,0.5915,0.097530416917361,0.034930002,0.525,11.6,76.5,46.9,62.1,0.2,50.1,94.1,93.4,10.4,93.8,20.7,50.0,False,False
Financial Services,242706186240,11.6487665,10.032626,6.89,80.26,80.26,97.76,72.78,99.19565,23.0,1.80769,Wells Fargo & Company,Banks - Diversified,,0.12575,0.095,WFC,0.0,0.0,0.0,0,0,False,-0.3729,-2.0,80.26,13.749459,0.1527836477057024,0.23592885621729373,0.17900981996726675,0.29943955164131314,0.29943955164131314,0.0,0.0,-0.3729,0.0,0.12575,0.095,68.5,66.6,60.2,26.3,72.6,50.1,7.1,14.0,39.3,49.2,29.7,49.9,False,False
Technology,104610406400,24.131628,19.6997,10.94,264.0,264.0,292.8,188.16,286.4,15.0,2.72222,"Automatic Data Processing, Inc.",Software - Application,5243049984.0,0.72239,0.068,ADP,0.0,178490.97,-178490.97,0,1,False,-0.2539,0.6000000000000014,264.0,37.183266,0.3510083810281755,0.08484848484848476,0.09836065573770496,0.7247706422018348,0.7247706422018348,-1.7062448769915112e-06,0.0,-0.2539,0.05011977454663631,0.72239,0.068,83.9,16.8,22.7,78.2,47.6,50.1,10.4,71.1,92.4,37.1,54.0,49.8,False,False
Industrials,86714351616,27.215117,20.566332,1.72,46.81,46.81,53.6,33.63,52.84221,23.0,1.92,CSX Corporation,Railroads,1953250048.0,0.24357,0.101,CSX,0.0,0.0,0.0,0,0,False,0.0057,3.299999999999997,46.81,28.691016,0.051441154959447996,0.1288658406323435,0.1266791044776119,0.6599899849774662,0.6599899849774662,0.0,0.0,0.0057,0.022525106993241915,0.24357,0.101,56.2,29.4,34.8,70.9,72.6,50.1,44.3,36.7,68.7,51.9,76.4,49.8,False,False
Consumer Cyclical,75507073024,17.42716,13.811586,16.2,282.32,282.32,356.39,222.22,350.33334,27.0,1.62069,Royal Caribbean Cruises Ltd.,Travel Services,-1516249984.0,0.44669998,0.065,RCL,0.0,4048147.89,-4048147.89,0,1,False,-0.091,-10.5,282.32,19.879007,0.12333850478547548,0.24090868517993777,0.20783411431297175,0.4479391816352389,0.4479391816352389,-5.3612830267083615e-05,0.0,-0.091,-0.020080900017380603,0.44669998,0.065,65.2,68.5,69.0,44.5,20.6,50.1,22.5,8.8,85.8,35.3,1.4,49.7,False,False
Energy,155981660160,17.19735,13.423748,7.55,129.84,129.84,141.62,85.57,146.88461,26.0,1.78571,ConocoPhillips,Oil & Gas E&P,7691375104.0,0.1418,0.355,COP,0.0,1282168.05,-1282168.05,0,1,False,0.6613,-2.799999999999997,129.84,16.9539385,-0.01435722442900218,0.13127395255699326,0.08318034175963847,0.7898305084745763,0.7898305084745763,-8.219992329128959e-06,0.0,0.6613,0.04930948353870886,0.1418,0.355,47.4,30.3,16.1,85.1,40.3,50.1,95.3,69.2,44.1,87.4,23.2,49.7,False,False
Financial Services,43332743168,11.803657,9.491411,41.56,490.56,490.56,572.56,422.37,568.1818,11.0,2.5,"Ameriprise Financial, Inc.",Asset Management,2903124992.0,0.63432,0.116,AMP,0.0,17477272.66,-17477272.66,0,4,False,-0.0419,-2.6000000000000014,490.56,13.749459,0.14151844083465398,0.15823100130463133,0.14321643146569782,0.4540249017910648,0.4540249017910648,-0.0004033271697626212,0.0,-0.0419,0.0669961045564241,0.63432,0.116,67.5,40.0,43.6,45.0,4.7,50.1,27.3,83.6,90.8,59.0,24.6,49.5,False,False
Industrials,83516497920,29.594902,22.936243,7.06,208.94,208.94,248.13,194.11,258.56,25.0,1.75,"Waste Management, Inc.",Waste Management,2348375040.0,0.29841,0.04,WM,0.0,300163.5,-300163.5,0,1,False,0.0371,0.10000000000000142,208.94,28.691016,-0.031504147500388276,0.2374844452953001,0.1579414016846008,0.2745279526101442,0.2745279526101442,-3.5940623406829747e-06,0.0,0.0371,0.028118696287402947,0.29841,0.04,46.0,67.1,50.5,23.9,45.3,50.1,48.3,43.8,73.9,21.0,48.6,49.4,False,False
Basic Materials,223105187840,31.244675,24.723484,15.49,483.98,483.98,548.2,387.78,543.8077,26.0,1.67857,Linde plc,Specialty Chemicals,4160750080.0,0.18400998,0.093,LIN,47911.5,0.0,47911.5,1,0,False,0.6315,1.0,483.98,28.9105875,-0.08073469624233692,0.12361605851481453,0.11714702663261588,0.5996758508914101,0.5996758508914101,2.1474848014004835e-07,0.0,0.6315,0.018649275349813397,0.18400998,0.093,42.9,27.3,29.9,62.3,94.5,50.1,94.8,30.8,56.6,47.9,57.5,49.3,False,False
Industrials,48515956736,46.667686,17.096891,3.28,153.07,153.07,297.5,149.19,203.42857,14.0,2.375,Honeywell Aerospace Inc.,Aerospace & Defense,,,0.054,HONA,998400.0,0.0,998400.0,1,0,,,1.3999999999999986,153.07,28.691016,-0.6265609415853381,0.32899046188018566,0.48547899159663865,0.026161418650124706,0.026161418650124706,2.057879648612934e-05,0.0,0.0,0.0,0.0,0.054,17.8,86.3,98.3,3.6,98.1,50.1,37.9,14.0,3.4,29.3,61.0,49.0,False,False
Healthcare,223324258304,25.65714,16.878864,16.1,413.08,413.08,447.03,288.0,391.46103,29.0,2.64706,Amgen Inc.,Drug Manufacturers - General,8645624832.0,0.91473,0.095,AMGN,0.0,1346498.85,-1346498.85,0,1,False,0.2911,7.0,413.08,27.553089999999997,0.06881079399805973,-0.05233603660307928,0.07594568597185869,0.786518266993649,0.786518266993649,-6.029344327507312e-06,0.0,0.2911,0.03871332607419275,0.91473,0.095,58.3,3.3,14.0,84.8,42.4,50.1,81.8,60.9,95.0,49.2,94.2,48.8,False,False
Communication Services,15423144960,27.776701,18.925463,1.03,28.61,28.61,31.66,22.2,36.1625,8.0,,News Corporation,Entertainment,1045124992.0,0.07979,0.108,NWSA,0.0,0.0,0.0,0,0,False,-0.8637,0.7000000000000028,28.61,21.6095,-0.28539304472569926,0.26398112548060126,0.09633607075173722,0.6775898520084566,0.6775898520084566,0.0,0.0,-0.8637,0.06776341626241189,0.07979,0.108,30.1,73.9,21.1,72.7,72.6,50.1,1.2,83.9,20.1,55.9,55.5,48.7,False,False
Healthcare,60539920384,23.552338,16.021383,13.47,317.25,317.25,377.54,244.82,369.25,12.0,1.71429,"Cencora, Inc.",Medical Distribution,2043314048.0,0.96871,0.051,COR,0.0,4693943.39,-4693943.39,0,3,False,-0.0148,-7.799999999999997,317.25,27.553089999999997,0.1452015726729742,0.16390858944050432,0.15969168829792874,0.5457353827606991,0.5457353827606991,-7.753468059136322e-05,0.0,-0.0148,0.03375151528180774,0.96871,0.051,67.8,42.4,51.7,55.7,17.3,50.1,31.3,54.0,95.7,27.6,5.0,48.6,False,False
Healthcare,9323618304,24.39067,13.982789,3.43,83.66,83.66,92.18,61.95,97.26667,15.0,2.375,"Henry Schein, Inc.",Medical Distribution,446000000.0,0.088549994,0.067,HSIC,0.0,0.0,0.0,0,0,False,-0.8111,4.799999999999997,83.66,27.553089999999997,0.11477551156694213,0.16264248147262741,0.09242785853764385,0.7181607674495532,0.7181607674495532,0.0,0.0,-0.8111,0.04783550607264327,0.088549994,0.067,63.7,41.9,19.7,77.0,72.6,50.1,1.9,67.8,23.2,36.4,85.5,48.4,False,False
Technology,29524023296,13.785275,8.437979,3.26,44.94,44.94,58.78,19.48,41.86667,15.0,2.84211,"Super Micro Computer, Inc.",Computer Hardware,-8248783872.0,0.21465999,0.932,SMCI,0.0,15437167.4,-15437167.4,0,2,False,0.0182,-3.0,44.94,37.183266,0.6292613187878655,-0.06838740542946148,0.23545423613473976,0.6478371501272264,0.6478371501272264,-0.0005228680131170155,0.0,0.0182,-0.27939226945121565,0.21465999,0.932,96.9,2.4,75.8,69.0,3.6,50.1,46.4,1.2,62.8,98.3,21.8,48.4,False,False
Industrials,83608920064,28.795736,16.499168,5.63,162.12,162.12,184.9,139.34,187.26111,18.0,2.21053,3M Company,Conglomerates,6350125056.0,0.81891996,0.025,MMM,0.0,819973.84,-819973.84,0,2,False,-0.0232,4.200000000000003,162.12,28.691016,-0.0036499230281702246,0.15507716506291633,0.12320173066522445,0.5,0.5,-9.807253094195402e-06,0.0,-0.0232,0.07595032983489296,0.81891996,0.025,49.1,38.6,32.9,49.5,38.9,50.1,29.6,87.2,93.4,16.1,81.9,48.4,False,False
Financial Services,165289902080,17.409838,12.1051235,5.49,95.58,95.58,114.53,83.96,122.47619,21.0,1.78261,Charles Schwab Corporation (The,Capital Markets,,0.20273,0.209,SCHW,0.0,489007.0,-489007.0,0,1,False,,-0.6999999999999957,95.58,13.749459,-0.26621985635943934,0.28139976982632353,0.16545883174714052,0.3801112201504744,0.3801112201504744,-2.9584807894878027e-06,0.0,0.0,0.0,0.20273,0.209,30.8,78.2,53.8,35.1,46.2,50.1,37.9,14.0,61.1,76.1,40.2,48.4,False,False
Consumer Cyclical,38301667328,17.676323,20.130638,7.94,140.35,140.35,170.14,134.26,171.2,22.0,2.11538,"Yum! Brands, Inc.",Restaurants,833249984.0,,0.122,YUM,0.0,154197.4,-154197.4,0,2,False,0.0142,0.0,140.35,19.879007,0.11080452861654515,0.2198076237976487,0.17509110144586806,0.16973244147157202,0.16973244147157202,-4.0258665159277734e-06,0.0,0.0142,0.02175492719062029,0.0,0.122,63.0,60.7,58.3,16.4,44.8,50.1,45.5,35.3,3.4,59.8,47.0,48.4,False,False
Energy,122110033920,17.6782,10.0321665,23.99,424.1,424.1,428.99,155.29,374.73685,19.0,2.4,Valero Energy Corporation,Oil & Gas Refining & Marketing,8416374784.0,0.27637,0.517,VLO,0.0,0.0,0.0,0,0,False,0.4417,-4.100000000000001,424.1,16.9539385,-0.042719365768608915,-0.11639507191700074,0.011398867106459326,0.9821337230544392,0.9821337230544392,0.0,0.0,0.4417,0.06892451434018895,0.27637,0.517,45.3,1.2,1.4,98.8,72.6,50.1,90.0,84.6,72.3,93.1,16.9,48.3,False,False
Consumer Cyclical,23323344896,19.879007,16.999914,27.44,545.48,545.48,714.97,443.6,631.44,25.0,1.78571,"Ulta Beauty, Inc.",Specialty Retail,914087360.0,0.46117002,0.089,ULTA,0.0,1414153.16,-1414153.16,0,2,False,-0.0214,-0.5,545.48,19.879007,0.0,0.15758597932096507,0.23705889757612209,0.37542838191399197,0.37542838191399197,-6.063251931941074e-05,0.0,-0.0214,0.03919194970000927,0.46117002,0.089,50.1,39.6,76.1,34.1,19.4,50.1,29.9,61.4,87.0,46.4,42.1,48.2,False,False
Basic Materials,31634057216,28.788918,23.220886,8.48,244.13,244.13,331.09,237.03,315.21738,23.0,1.83333,Vulcan Materials Company (Holdi,Building Materials,843600000.0,0.13234,0.025,VMC,0.0,4436604.44,-4436604.44,0,2,False,,-5.899999999999999,244.13,28.9105875,0.004208475528212612,0.2911865809200016,0.26264761847231866,0.07548373378694447,0.07548373378694447,-0.00014024772129943663,0.0,0.0,0.026667461408438013,0.13234,0.025,52.8,80.3,80.8,8.5,11.1,50.1,37.9,42.2,42.2,16.1,10.2,47.9,True,False
Basic Materials,76468813824,29.032257,23.205788,10.85,315.0,315.0,377.77,289.86,386.30435,23.0,2.03571,Sherwin-Williams Company (The),Specialty Chemicals,2506037504.0,0.65124,0.075,SHW,0.0,4761450.0,-4761450.0,0,1,False,-0.9746,5.0,315.0,28.9105875,-0.0042084755282127346,0.22636301587301588,0.16615930327977338,0.2859742918894323,0.2859742918894323,-6.22665602079158e-05,0.0,-0.9746,0.03277202010440329,0.65124,0.075,48.3,63.3,54.3,25.1,19.0,50.1,0.5,51.9,91.2,40.6,86.8,47.9,False,False
Technology,29073741824,12.305345,10.2741585,2.62,32.24,32.24,36.23,17.56,29.66471,17.0,,HP Inc.,Computer Hardware,3389874944.0,,0.125,HPQ,0.0,2232982.32,-2232982.32,0,1,False,0.0809,-6.100000000000001,32.24,37.183266,0.669062287320323,-0.07987872208436732,0.11012972674579065,0.7862881628280667,0.7862881628280667,-7.680409124898748e-05,0.0,0.0809,0.11659575724792678,0.0,0.125,97.6,2.1,27.3,84.6,17.5,50.1,54.3,95.7,3.4,60.9,9.5,47.8,False,False
Financial Services,205463011328,18.461773,15.089207,16.48,304.25,304.25,387.49,290.97,371.37042,24.0,2.17241,American Express Company,Credit Services,,0.34377,0.128,AXP,0.0,0.0,0.0,0,0,False,-0.1268,6.599999999999994,304.25,13.749459,-0.3427272302132034,0.22060943303204608,0.21481844692766267,0.13758806464981324,0.13758806464981324,0.0,0.0,-0.1268,0.0,0.34377,0.128,27.0,61.1,71.6,13.3,72.6,50.1,19.7,14.0,78.4,61.7,92.4,47.7,False,False
Basic Materials,77959389184,37.32886,29.544655,7.45,278.1,278.1,309.27,243.15,325.0476,21.0,1.54167,Ecolab Inc.,Specialty Chemicals,1474824960.0,0.21956,0.097,ECL,0.0,0.0,0.0,0,0,False,0.2825,5.0,278.1,28.9105875,-0.2911830311300315,0.16881553398058238,0.10078572121447267,0.5285843920145195,0.5285843920145195,0.0,0.0,0.2825,0.01891786192063554,0.21956,0.097,29.9,44.8,24.4,53.3,72.6,50.1,80.6,31.0,64.0,50.1,86.8,47.7,False,False
Consumer Defensive,12384011264,53.92093,10.614571,2.15,115.93,115.93,135.89,88.25,142.125,16.0,2.10526,The J.M. Smucker Company,Packaged Foods,1464337536.0,0.03931,0.05,SJM,0.0,0.0,0.0,0,0,False,,7.900000000000006,115.93,22.329308,-1.4148052416133987,0.22595531786422834,0.14688350872028832,0.5810243492863143,0.5810243492863143,0.0,0.0,0.0,0.11824420252723698,0.03931,0.05,8.1,62.8,45.3,60.4,72.6,50.1,37.9,96.2,11.1,26.9,96.9,47.7,False,False
Energy,124197568512,15.313713,8.725339,28.88,442.26,442.26,444.99,161.93,385.55557,18.0,2.36842,Marathon Petroleum Corporation,Oil & Gas Refining & Marketing,9249375232.0,0.42099,0.537,MPC,0.0,9833225.9,-9833225.9,0,4,False,0.5702,-9.0,442.26,16.9539385,0.09674598619076032,-0.12821514493736716,0.006134969325153415,0.9903554016816222,0.9903554016816222,-7.917406127842118e-05,0.0,0.5702,0.07447307819964545,0.42099,0.537,61.6,0.7,0.7,99.5,17.1,50.1,93.8,86.7,83.6,95.3,2.3,47.6,False,False
Technology,44406657024,37.527496,13.924301,4.91,184.26,184.26,247.4,110.36,208.25974,38.0,2.2619,"Workday, Inc.",Software - Application,3046374912.0,0.16006,0.128,WDAY,0.0,2128306.28,-2128306.28,0,2,False,-0.1785,0.0,184.26,37.183266,-0.00925765907706967,0.1302493216107674,0.2552142279708974,0.539258610624635,0.539258610624635,-4.7927640192544475e-05,0.0,-0.1785,0.06860176190145449,0.16006,0.128,47.6,29.9,79.9,55.5,22.3,50.1,14.5,84.4,50.5,61.7,47.0,47.6,False,False
Financial Services,40376127488,30.348635,24.708792,18.3,555.38,555.38,644.77,501.08,688.41174,17.0,1.5,MSCI Inc.,Financial Data & Stock Exchanges,1194705920.0,,0.122,MSCI,1000160.0,0.0,1000160.0,1,0,False,0.2113,2.1000000000000014,555.38,13.749459,-1.2072603002052662,0.23953282437250173,0.13863858430137876,0.3778968612986291,0.3778968612986291,2.4771072963776748e-05,0.0,0.2113,0.029589413208462673,0.0,0.122,10.2,68.2,40.8,34.6,98.3,50.1,73.2,46.7,3.4,59.8,68.1,47.5,False,False
Real Estate,159332876288,98.27555,69.53459,2.25,221.12,221.12,255.2,163.75,262.04544,22.0,1.63636,Welltower Inc.,REIT - Healthcare Facilities,2756164352.0,0.03836,0.391,WELL,2407650.0,0.0,2407650.0,1,0,False,0.2358,10.600000000000001,221.12,29.072845,-2.3803210521708484,0.18508248914616487,0.13354231974921624,0.627337342810279,0.627337342810279,1.5110817403735841e-05,0.0,0.2358,0.017298152247111464,0.03836,0.391,4.7,50.7,38.2,65.9,97.4,50.1,76.5,29.6,10.9,90.0,98.8,47.4,False,False
Technology,256864419840,53.778687,29.353998,3.66,196.83,196.83,307.37,98.097,232.76923,26.0,1.86667,KLA Corporation,Semiconductor Equipment & Materials,2624587520.0,0.87496,0.152,KLAC,0.0,55413979.5,-55413979.5,0,4,False,0.1483,-3.1000000000000014,196.83,37.183266,-0.44631423716249113,0.18259020474521148,0.3596317142206461,0.47179043641559115,0.47179043641559115,-0.0002157324067479536,0.0,0.1483,0.010217793190800217,0.87496,0.152,22.5,49.8,93.4,47.4,7.8,50.1,64.2,23.7,93.8,68.0,21.2,47.3,False,False
Utilities,45236015104,19.841095,15.959732,3.65,72.42,72.42,84.23,68.72,90.61111,18.0,1.42105,Xcel Energy Inc.,Utilities - Regulated Electric,-7907999744.0,0.0992,-0.051,XEL,0.0,0.0,0.0,0,0,False,0.2154,-1.3000000000000043,72.42,20.088757,0.012328388461267256,0.2511890361778513,0.14021132613083226,0.2385557704706642,0.2385557704706642,0.0,0.0,0.2154,-0.17481645378840485,0.0992,-0.051,53.1,71.1,41.9,21.3,72.6,50.1,74.6,2.1,29.9,2.4,34.4,47.2,False,False
Technology,3933757243392,29.513092,22.374153,17.95,529.76,529.76,553.72,349.2,587.6338,53.0,1.28571,Microsoft Corporation,Software - Infrastructure,16545500160.0,0.34039003,0.177,MSFT,0.0,0.0,0.0,0,0,False,-0.3842,1.2999999999999972,529.76,37.183266,0.20628026596695412,0.10924531863485344,0.04327096727587957,0.8828476432622725,0.8828476432622725,0.0,0.0,-0.3842,0.00420602979194851,0.34039003,0.177,73.5,23.5,6.6,93.4,72.6,50.1,6.4,19.4,77.7,72.3,60.0,47.2,False,False
Technology,65517633536,81.20389,23.819643,4.12,334.56,334.56,440.0,108.19,412.52014,23.0,1.58333,Coherent Corp.,Scientific & Technical Instruments,-649981632.0,0.07981,0.337,COHR,0.0,1780970.58,-1780970.58,0,2,False,0.5091,-11.5,334.56,37.183266,-1.1838826637767643,0.2330228957436634,0.23963636363636362,0.6822277809589825,0.6822277809589825,-2.718307246279598e-05,0.0,0.5091,-0.009920712896976878,0.07981,0.337,10.9,65.6,76.5,73.2,31.5,50.1,92.2,9.5,20.4,86.6,0.9,47.1,False,False
Industrials,74375520256,23.676338,21.086483,11.03,261.15,261.15,303.16,238.82,299.7857,14.0,3.1875,Illinois Tool Works Inc.,Specialty Industrial Machinery,2432999936.0,1.04618,0.061,ITW,0.0,11974535.17,-11974535.17,0,2,False,0.0135,-0.3999999999999986,261.15,28.691016,0.1747821687457844,0.14794447635458566,0.13857369046048307,0.34706248057196104,0.34706248057196104,-0.0001610010273378087,0.0,0.0135,0.03271237535718247,1.04618,0.061,70.6,36.3,40.5,31.8,10.0,50.1,45.3,51.7,96.4,33.2,43.8,47.1,False,False
Consumer Cyclical,82863906816,100.65263,23.176027,1.9,191.24,191.24,285.5,143.3,257.72287,42.0,1.61364,"DoorDash, Inc.",Internet Retail,5147500032.0,0.088870004,0.356,DASH,0.0,7643851.04,-7643851.04,0,4,False,-0.1454,-5.200000000000003,191.24,19.879007,-4.063262465776082,0.3476410269818029,0.3301576182136602,0.3371308016877637,0.3371308016877637,-9.224584422471457e-05,0.0,-0.1454,0.06211992928875616,0.088870004,0.356,2.8,88.4,90.3,29.4,14.9,50.1,17.3,80.3,23.5,87.8,12.7,46.9,False,False
Financial Services,22746519552,10.89796,9.376943,2.45,26.7,26.7,32.47,22.7,32.0325,20.0,2.77273,Regions Financial Corporation,Banks - Regional,,0.118669994,0.034,RF,0.0,23.05,-23.05,0,1,False,-0.268,-1.8000000000000043,26.7,13.749459,0.20738990530463783,0.1997191011235955,0.1777024946104096,0.4094165813715456,0.4094165813715456,-1.0133418410366573e-09,0.0,-0.268,0.0,0.118669994,0.034,73.9,55.5,59.5,39.6,51.2,50.1,10.0,14.0,36.3,18.6,31.2,46.7,False,False
Industrials,120158642176,33.454704,24.16173,28.48,952.79,952.79,1099.94,715.37,1155.2887,24.0,1.73077,Parker-Hannifin Corporation,Specialty Industrial Machinery,2961750016.0,0.25076,0.098,PH,0.0,779794.94,-779794.94,0,2,False,-0.1557,1.6999999999999957,952.79,28.691016,-0.16603413416938592,0.21253235235466378,0.13378002436496544,0.617364849052188,0.617364849052188,-6.489711650185017e-06,0.0,-0.1557,0.024648664152361468,0.25076,0.098,37.0,59.0,38.4,64.5,41.7,50.1,16.4,39.3,69.7,50.6,63.0,46.6,False,False
Financial Services,499378225152,31.25329,24.758509,18.24,570.06,570.06,601.23,464.52,666.7138,37.0,1.425,Mastercard Incorporated,Credit Services,16961250304.0,2.41202,0.141,MA,0.0,0.0,0.0,0,0,False,0.0748,3.3999999999999986,570.06,13.749459,-1.2730559798752807,0.16955022278356674,0.05184372037323499,0.7719991222295365,0.7719991222295365,0.0,0.0,0.0748,0.033964737446926845,2.41202,0.141,9.7,45.5,8.3,81.8,72.6,50.1,53.1,54.5,99.3,64.8,77.1,46.6,False,False
Financial Services,77867368448,28.529821,23.753626,15.76,449.63,449.63,546.88,402.28,559.9048,21.0,1.70833,Moody's Corporation,Financial Data & Stock Exchanges,2579124992.0,0.76932,0.151,MCO,0.0,419965.0,-419965.0,0,1,False,-0.3277,2.5,449.63,13.749459,-1.0749777136685885,0.24525676667482157,0.17782694558221182,0.32745504840940537,0.32745504840940537,-5.393337522128458e-06,0.0,-0.3277,0.03312202586790056,0.76932,0.151,11.4,69.9,59.7,28.4,43.6,50.1,8.8,52.8,92.9,67.5,69.8,46.5,False,False
Healthcare,128159989760,29.44904,25.148537,17.17,505.64,505.64,560.25,402.58,571.3929,28.0,1.625,Vertex Pharmaceuticals Incorpor,Biotechnology,2627887616.0,0.23542999,0.125,VRTX,0.0,0.0,0.0,0,0,False,,7.899999999999999,505.64,27.553089999999997,-0.06881079399805985,0.13003896052527503,0.09747434181169123,0.6536436861799961,0.6536436861799961,0.0,0.0,0.0,0.02050474271198943,0.23542999,0.125,43.6,29.6,22.0,69.2,72.6,50.1,37.9,33.2,66.8,60.9,96.6,46.3,False,False
Technology,17070004224,29.74737,17.374197,1.9,56.52,56.52,64.56,47.71,63.64286,14.0,2.75,Fortive Corporation,Scientific & Technical Instruments,939112512.0,0.07318,0.079,FTV,0.0,0.0,0.0,0,0,False,-0.4004,-0.7999999999999972,56.52,37.183266,0.19997963600077526,0.1260237084217975,0.1245353159851301,0.5228486646884274,0.5228486646884274,0.0,0.0,-0.4004,0.055015364945231314,0.07318,0.079,73.2,28.0,33.6,52.8,72.6,50.1,5.7,75.6,18.5,42.1,39.3,46.3,False,False
Utilities,25548898304,20.088757,16.020575,1.69,33.95,33.95,40.11,31.56,40.125,16.0,1.70588,PPL Corporation,Utilities - Regulated Electric,-1938375040.0,0.086330004,0.042,PPL,0.0,0.0,0.0,0,0,False,0.8672,-0.8000000000000043,33.95,20.088757,0.0,0.18188512518409417,0.1535776614310645,0.2795321637426905,0.2795321637426905,0.0,0.0,0.8672,-0.07586922210639992,0.086330004,0.042,50.1,49.5,48.3,24.6,72.6,50.1,96.9,5.7,23.0,21.8,38.7,46.3,False,False
Utilities,38698868736,16.95948,16.098734,6.17,104.64,104.64,116.23,94.96,109.34375,16.0,3.22222,"Consolidated Edison, Inc.",Utilities - Regulated Electric,-844875008.0,0.08962,0.132,ED,111.1,0.0,111.1,1,0,False,0.4035,3.5,104.64,20.088757,0.1557725547678237,0.04495173929663608,0.09971608018583845,0.45510108133521404,0.45510108133521404,2.870884954232477e-09,0.0,0.4035,-0.02183203374144234,0.08962,0.132,69.0,10.2,23.5,45.5,93.8,50.1,87.7,8.5,24.2,62.6,77.8,46.2,False,False
Consumer Defensive,860745826304,39.188408,33.540794,2.76,108.16,108.16,135.16,98.88,126.775,40.0,1.53488,Walmart Inc.,Discount Stores,7127625216.0,0.22313999,0.059,WMT,0.0,0.0,0.0,0,0,False,0.2973,4.5,108.16,22.329308,-0.755021158738999,0.17210613905325453,0.19976324356318437,0.2557883131201764,0.2557883131201764,0.0,0.0,0.2973,0.00828075489672215,0.22313999,0.059,15.9,46.2,66.4,22.7,72.6,50.1,82.5,22.7,64.9,32.0,83.4,46.0,False,False
Energy,402422923264,19.744946,13.997154,10.39,205.15,205.15,217.78,146.49,224.625,24.0,1.72,Chevron Corporation,Oil & Gas Integrated,21934000128.0,0.12231,0.535,CVX,0.0,3884451.94,-3884451.94,0,2,False,294.2612,-2.8999999999999986,205.15,16.9539385,-0.16462295766850865,0.0949305386302705,0.057994306180549154,0.8228363024267079,0.8228363024267079,-9.652660709518523e-06,0.0,294.2612,0.05450484766150044,0.12231,0.535,37.4,19.7,8.8,87.9,39.1,50.1,100.0,75.4,37.9,95.0,22.4,45.9,False,False
Utilities,42745237504,15.253677,13.6556635,2.72,41.49,41.49,50.65,39.73,48.52941,17.0,2.7619,Exelon Corporation,Utilities - Regulated Electric,-2685125120.0,0.09711,0.099,EXC,0.0,0.0,0.0,0,0,False,-0.2782,-2.3999999999999986,41.49,20.088757,0.2406858722020482,0.1696652205350686,0.18084896347482718,0.16117216117216163,0.16117216117216163,0.0,0.0,-0.2782,-0.06281694234939582,0.09711,0.099,77.5,45.7,61.4,15.6,72.6,50.1,9.7,6.9,28.9,50.9,27.0,45.9,False,False
Financial Services,133670158336,25.017899,15.070576,4.47,111.83,111.83,166.39,101.73,141.63635,22.0,2.08333,Blackstone Inc.,Asset Management,,0.31374002,0.286,BX,5016661.58,81710834.79,-76694173.21,1,4,False,0.0798,-1.6000000000000014,111.83,13.749459,-0.8195551548610022,0.26653268353751225,0.3279043211731474,0.15620167027528606,0.15620167027528606,-0.0005737568816011849,0.0,0.0798,0.0,0.31374002,0.286,14.7,74.9,90.0,14.9,3.1,50.1,53.9,14.0,76.1,83.5,32.7,45.8,False,False
Technology,412356870144,59.26439,28.009676,5.56,329.51,329.51,438.5,131.02,375.64517,31.0,1.45714,Lam Research Corporation,Semiconductor Equipment & Materials,3090484480.0,0.65066004,0.3,LRCX,0.0,40504440.18,-40504440.18,0,4,False,0.26,-4.0,329.51,37.183266,-0.5938457369505947,0.1400114412309187,0.24855188141391107,0.6455379211656042,0.6455379211656042,-9.822666508710128e-05,0.0,0.26,0.007494684104379698,0.65066004,0.3,18.7,33.6,79.1,68.5,14.5,50.1,79.1,22.5,91.0,84.6,17.5,45.8,False,False
Financial Services,297952149504,15.32391,13.981701,12.38,189.71,189.71,232.25,151.84,224.4762,21.0,2.28,Morgan Stanley,Capital Markets,,0.17969999,0.28,MS,0.0,3672975.54,-3672975.54,0,2,False,0.0153,-4.5,189.71,13.749459,-0.11451003272201472,0.18325971219229348,0.1831646932185145,0.47096132321850526,0.47096132321850526,-1.232740071220963e-05,0.0,0.0153,0.0,0.17969999,0.28,40.8,50.2,62.1,46.9,37.4,50.1,45.7,14.0,55.0,82.8,15.5,45.7,False,False
Communication Services,180870447104,21.597939,14.013209,4.85,104.75,104.75,117.09,92.19,126.45781,32.0,1.48485,Walt Disney Company (The),Entertainment,4860375040.0,0.0801,0.068,DIS,0.0,0.0,0.0,0,0,False,-0.6945,5.5,104.75,21.6095,0.0005349961822346827,0.20723446300715986,0.1053890169954736,0.5044176706827309,0.5044176706827309,0.0,0.0,-0.6945,0.02687213482258546,0.0801,0.068,50.9,57.8,26.1,50.0,72.6,50.1,3.6,42.7,20.9,37.1,89.3,45.7,False,False
Industrials,13073211392,50.88276,17.206598,4.35,221.34,221.34,296.44,134.8,287.3125,16.0,1.7619,Generac Holdlings Inc.,Specialty Industrial Machinery,289056512.0,0.09491,0.106,GNRC,0.0,1450177.21,-1450177.21,0,3,False,,-5.0,221.34,28.691016,-0.7734736197560935,0.29805954639920484,0.2533396302793145,0.5353872803761445,0.5353872803761445,-0.00011092738933965522,0.0,0.0,0.022110597261273138,0.09491,0.106,15.6,82.2,79.6,54.5,13.5,50.1,37.9,35.8,28.3,54.9,13.5,45.7,False,False
Technology,70076932096,86.73844,40.77099,16.44,1425.98,1425.98,1714.09,833.18,1839.8,15.0,1.35294,"Monolithic Power Systems, Inc.",Semiconductors,444316128.0,0.21979,0.476,MPWR,0.0,40463134.1,-40463134.1,0,3,False,0.0934,-9.0,1425.98,37.183266,-1.3327278459078875,0.29020042356835296,0.1680833561831642,0.6729404820015666,0.6729404820015666,-0.0005774101817780582,0.0,0.0934,0.0063404049622395155,0.21979,0.476,9.0,79.9,54.7,72.0,2.8,50.1,55.7,21.1,64.2,91.8,2.3,45.6,False,False
Technology,21031198720,18.777885,21.70956,10.31,193.6,193.6,206.82,108.5,196.66667,15.0,2.88235,PTC Inc.,Software - Application,1031425152.0,0.35053003,-0.068,PTC,0.0,342562.5,-342562.5,0,1,False,-0.0083,-20.299999999999997,193.6,37.183266,0.4949909725520077,0.01584023760330587,0.06392031718402476,0.8655410903173312,0.8655410903173312,-1.6288301230981853e-05,0.0,-0.0083,0.04904262309209924,0.35053003,-0.068,92.9,7.6,10.4,91.9,36.0,50.1,32.2,68.7,79.6,1.7,0.2,45.4,False,False
Financial Services,75214233600,9.686006,11.853312,37.23,360.61,360.61,398.7,252.26,360.16666,24.0,2.96552,"The Travelers Companies, Inc.",Insurance - Property & Casualty,14775124992.0,0.26511,0.003,TRV,0.0,2219145.0,-2219145.0,0,1,False,-0.0292,-2.3999999999999986,360.61,13.749459,0.29553548252334866,-0.0012294168214970042,0.09553549034361669,0.739893471729036,0.739893471729036,-2.9504322437182952e-05,0.0,-0.0292,0.19644054435994412,0.26511,0.003,80.8,5.9,20.9,78.7,29.6,50.1,28.0,99.1,71.1,8.5,27.0,45.4,False,False
Industrials,70347341824,26.72355,21.93517,11.72,313.2,313.2,358.6,277.8,359.1111,18.0,2.57143,Norfolk Southern Corporation,Railroads,1382249984.0,0.16985,0.114,NSC,0.0,0.0,0.0,0,0,False,-0.2217,2.3999999999999986,313.2,28.691016,0.06857428820227215,0.14658716475095795,0.12660345789180152,0.4381188118811878,0.4381188118811878,0.0,0.0,-0.2217,0.01964892984099117,0.16985,0.114,58.1,35.8,34.6,43.1,72.6,50.1,12.1,32.0,52.6,58.4,69.2,45.3,False,False
Industrials,24808712192,27.780205,23.748522,6.87,190.85,190.85,195.32,112.95,180.46667,15.0,3.16667,Expeditors International of Was,Integrated Freight & Logistics,797562240.0,0.4267,0.321,EXPD,0.0,0.0,0.0,0,0,False,,-0.20000000000000284,190.85,28.691016,0.03174551225373136,-0.05440571129159026,0.02288552119598607,0.9457326696612844,0.9457326696612844,0.0,0.0,0.0,0.03214847404522625,0.4267,0.321,55.5,2.8,3.6,96.4,72.6,50.1,37.9,50.5,84.4,85.8,45.5,45.2,False,False
Financial Services,68237262848,41.41577,10.803175,2.79,115.55,115.55,153.29,99.56,151.45,20.0,1.77273,"Apollo Global Management, Inc. ",Asset Management,,0.11412,0.638,APO,0.0,422535.0,-422535.0,0,1,False,-0.1882,3.1000000000000014,115.55,13.749459,-2.0121745153754778,0.3106880138468195,0.2462000130471655,0.29759910664433276,0.29759910664433276,-6.1921446195930515e-06,0.0,-0.1882,0.0,0.11412,0.638,5.5,83.4,78.7,26.1,42.2,50.1,14.0,14.0,34.6,96.7,75.0,45.1,False,False
Utilities,10651639808,5.59176,6.2982492,2.67,14.93,14.93,17.65,13.21,15.0,8.0,3.0,The AES Corporation,Utilities - Diversified,-3089125120.0,0.095740005,0.199,AES,0.0,0.0,0.0,0,0,False,-0.6251,2.5,14.93,20.088757,0.7216472875847918,0.004688546550569343,0.1541076487252124,0.3873873873873873,0.3873873873873873,0.0,0.0,-0.6251,-0.29001404250262836,0.095740005,0.199,99.5,6.6,49.1,36.7,72.6,50.1,3.8,0.9,28.7,75.1,69.8,45.0,False,False
Real Estate,68156968960,87.6068,65.33844,2.06,180.47,180.47,208.14,146.23,223.4375,32.0,1.44118,"Digital Realty Trust, Inc.",REIT - Specialty,3768482048.0,0.02912,0.299,DLR,0.0,38792.0,-38792.0,0,1,False,0.131,-2.6999999999999957,180.47,29.072845,-2.01335490214322,0.23808666260320277,0.1329393677332564,0.5530608948473592,0.5530608948473592,-5.691567655064924e-07,0.0,0.131,0.05529122121336776,0.02912,0.299,5.2,67.5,37.2,56.2,49.8,50.1,60.4,75.8,9.0,84.2,23.9,45.0,False,False
Financial Services,25885696000,14.347737,14.287822,4.86,69.73,69.73,78.96,62.87,69.05882,17.0,3.38889,W.R. Berkley Corporation,Insurance - Property & Casualty,3045504768.0,0.20207001,0.012,WRB,0.0,0.0,0.0,0,0,False,1.2205,-2.200000000000003,69.73,13.749459,-0.04351283930516834,-0.009625412304603568,0.11689463019250242,0.42635177128651386,0.42635177128651386,0.0,0.0,1.2205,0.1176520333082796,0.20207001,0.012,45.0,5.7,29.6,41.7,72.6,50.1,97.6,96.0,60.9,12.0,28.2,44.9,False,False
Technology,263910326272,43.98478,27.147402,6.57,288.98,288.98,334.03,152.73,324.7097,31.0,2.11111,Texas Instruments Incorporated,Semiconductors,3545250048.0,0.35176,0.228,TXN,0.0,1852413.12,-1852413.12,0,1,False,0.1776,-5.200000000000003,288.98,37.183266,-0.18291868175323805,0.12364073638314062,0.1348681256174594,0.7515168229453946,0.7515168229453946,-7.019100564071164e-06,0.0,0.1776,0.013433540468386511,0.35176,0.228,36.0,27.5,39.3,79.6,41.2,50.1,69.7,26.1,79.9,78.2,12.7,44.9,False,False
Technology,64377995264,56.563187,35.338432,7.28,411.78,411.78,487.91,131.75,446.46667,15.0,1.70588,"Teradyne, Inc.",Semiconductor Equipment & Materials,437381248.0,0.36465,1.039,TER,0.0,67284.3,-67284.3,0,1,False,0.7205,-4.899999999999999,411.78,37.183266,-0.5212000742484534,0.08423592695128479,0.1560328749154558,0.7862477538185084,0.7862477538185084,-1.04514438084134e-06,0.0,0.7205,0.006793955701888443,0.36465,1.039,20.6,16.6,49.5,84.4,48.3,50.1,96.2,21.3,80.1,98.6,14.1,44.8,False,False
Financial Services,124275245056,10.7382145,13.084021,19.94,214.12,214.12,245.64,189.2,232.80952,21.0,2.6,Progressive Corporation (The),Insurance - Property & Casualty,15114500096.0,0.34943,0.073,PGR,0.0,11020470.56,-11020470.56,0,4,False,-0.8593,0.0,214.12,13.749459,0.2190082169778462,0.08728526060153179,0.12831786354013996,0.4415308291991498,0.4415308291991498,-8.867792258252267e-05,0.0,-0.8593,0.12162116509357286,0.34943,0.073,75.6,17.3,35.1,43.4,15.9,50.1,1.4,96.7,79.4,40.2,47.0,44.8,False,False
Healthcare,31811514368,33.45238,26.95961,2.52,84.3,84.3,92.59,54.11,96.23077,26.0,1.34483,"DexCom, Inc.",Medical Devices,1021162496.0,0.38491002,0.131,DXCM,0.0,1346547.57,-1346547.57,0,4,False,0.1793,-1.4000000000000057,84.3,27.553089999999997,-0.21410629443013474,0.14152752075919348,0.08953450696619512,0.7845634095634094,0.7845634095634094,-4.232893644807196e-05,0.0,0.1793,0.03210040503532938,0.38491002,0.131,34.1,34.1,19.0,84.1,24.2,50.1,70.1,50.2,81.8,62.2,33.8,44.7,False,False
Financial Services,39562100736,13.857143,8.608214,5.46,75.66,75.66,87.29,71.25,88.3,20.0,2.31818,"American International Group, I",Insurance - Diversified,7365000192.0,0.0722,0.005,AIG,0.0,0.0,0.0,0,0,False,-0.7666,7.0,75.66,13.749459,-0.007831871784919012,0.16706317737245574,0.1332340474281133,0.2749376558603488,0.2749376558603488,0.0,0.0,-0.7666,0.1861630210475181,0.0722,0.005,47.9,43.8,37.7,24.2,72.6,50.1,2.8,98.6,18.0,9.4,94.2,44.7,False,False
Utilities,26904670208,18.976162,17.629982,8.39,159.21,159.21,192.51,154.72,185.0,11.0,2.71429,Atmos Energy Corporation,Utilities - Regulated Gas,-2220956928.0,0.09792,0.048,ATO,50278.35,0.0,50278.35,1,0,False,0.0712,-1.0,159.21,20.088757,0.0553839642741461,0.16198731235475153,0.17297802711547444,0.11881450119079148,0.11881450119079148,1.8687592009602082e-06,0.0,0.0712,-0.08254912291545603,0.09792,0.048,56.6,41.2,57.8,11.6,95.7,50.1,52.4,4.5,29.1,25.1,37.7,44.6,False,False
Technology,368110141440,33.660465,19.88383,17.2,578.96,578.96,595.51,110.22,585.96,25.0,1.82759,Dell Technologies Inc.,Computer Hardware,6033375232.0,,0.577,DELL,0.0,0.0,0.0,0,0,False,0.4809,-2.8999999999999986,578.96,37.183266,0.0947415700385222,0.012090645295011745,0.02779130493190703,0.9658966803354696,0.9658966803354696,0.0,0.0,0.4809,0.016390135866396413,0.0,0.577,61.1,7.3,4.5,97.4,72.6,50.1,91.0,28.7,3.4,95.7,22.4,44.6,False,False
Technology,140621643776,74.88532,37.37109,2.18,163.25,163.25,271.78,77.39,187.70589,17.0,1.55556,Corning Incorporated,Electronic Components,734499968.0,0.16813,0.166,GLW,0.0,1503713.43,-1503713.43,0,1,False,0.5399,-5.800000000000004,163.25,37.183266,-1.0139521902137372,0.14980637059724355,0.39933034071675616,0.4416893873141623,0.4416893873141623,-1.0693328492129601e-05,0.0,0.5399,0.005223235543811483,0.16813,0.166,12.1,37.2,96.0,43.6,38.4,50.1,93.1,19.9,51.9,70.1,10.5,44.6,False,False
Energy,108901965824,15.521143,10.181328,17.5,271.62,271.62,277.12,126.74,257.1579,19.0,2.1,Phillips 66,Oil & Gas Refining & Marketing,4545375232.0,0.23452999,0.531,PSX,0.0,25331479.41,-25331479.41,0,3,False,0.8204,-8.899999999999999,271.62,16.9539385,0.08451107098212013,-0.053243870112657465,0.01984699769053118,0.9634259874983375,0.9634259874983375,-0.00023260810049048175,0.0,0.8204,0.041738229403002036,0.23452999,0.531,60.2,3.1,3.1,97.2,7.1,50.1,96.7,64.7,66.6,94.5,3.1,44.5,False,False
Financial Services,1083734294528,12.732646,23.389421,39.76,506.25,506.25,537.74,464.01,547.6667,3.0,2.0,Berkshire Hathaway Inc. New,Insurance - Diversified,71975247872.0,0.121199995,0.1,BRK-B,595294961.61,19972776.22,575322185.39,1,1,False,-0.0467,-3.6999999999999957,506.25,13.749459,0.07395294607591463,0.08181076543209875,0.05855989883586865,0.5729011257290112,0.5729011257290112,0.0005308701480565129,0.0,-0.0467,0.06641410928436796,0.121199995,0.1,59.5,15.9,10.0,59.2,99.5,50.1,26.5,83.2,37.2,51.3,18.4,44.4,False,False
Industrials,59512512512,32.22418,24.774109,39.21,1263.51,1263.51,1419.91,906.52,1331.6428,14.0,2.73684,"W.W. Grainger, Inc.",Industrial Distribution,1247750016.0,0.46091,0.103,GWW,0.0,0.0,0.0,0,0,False,0.2121,-1.6000000000000014,1263.51,28.691016,-0.12314530792496145,0.0539234355090186,0.11014782627067919,0.6953583046027385,0.6953583046027385,0.0,0.0,0.2121,0.020966179435768333,0.46091,0.103,40.3,11.6,27.5,74.2,72.6,50.1,73.7,34.4,86.5,53.0,32.7,44.4,False,False
Financial Services,38403063808,53.34101,16.210009,2.17,115.75,115.75,181.19,95.8,146.65,20.0,1.95,Ares Management Corporation,Asset Management,2159716096.0,0.14918,0.096,ARES,0.0,235750000.0,-235750000.0,0,1,False,-0.1711,1.3999999999999986,115.75,13.749459,-2.87949882246276,0.2669546436285098,0.361167834869474,0.23363391497833474,0.23363391497833474,-0.006138833119634828,0.0,-0.1711,0.05623811961456302,0.14918,0.096,4.0,75.4,93.6,20.9,0.5,50.1,15.6,77.0,47.9,49.6,61.0,44.3,False,False
Real Estate,50480730112,38.65942,34.35242,1.38,53.35,53.35,67.94,53.32,66.39286,21.0,2.52,Realty Income Corporation,REIT - Retail,1582081920.0,0.03225,0.096,O,0.0,209021.95,-209021.95,0,1,False,-0.0847,4.799999999999997,53.35,29.072845,-0.32974327073941323,0.24447722586691653,0.214748307329997,0.002051983584131405,0.002051983584131405,-4.140628503911287e-06,0.0,-0.0847,0.031340313749224406,0.03225,0.096,27.5,69.7,71.3,0.5,44.5,50.1,23.2,49.5,10.0,49.6,85.5,44.2,False,False
Industrials,66197123072,30.663828,26.819675,7.05,216.18,216.18,233.42,196.41,245.5,24.0,2.0,"Republic Services, Inc.",Waste Management,1942625024.0,0.18152,0.046,RSG,695075605.56,0.0,695075605.56,1,0,False,0.0514,0.0,216.18,28.691016,-0.0687606183064412,0.13562771764270512,0.07385828120983627,0.5341799513644965,0.5341799513644965,0.010500087818076227,0.0,0.0514,0.02934606420715721,0.18152,0.046,43.8,31.5,13.0,54.0,100.0,50.1,50.0,46.2,55.5,23.7,47.0,44.2,False,False
Utilities,54117232640,21.290657,16.131697,2.89,61.53,61.53,72.99,55.85,71.91667,12.0,2.5,"Dominion Energy, Inc.",Utilities - Regulated Electric,-9181124608.0,0.08281,0.176,D,0.0,0.0,0.0,0,0,False,0.1692,-2.299999999999997,61.53,20.088757,-0.05982948571681156,0.16880659840728093,0.15700780928894362,0.3313885647607936,0.3313885647607936,0.0,0.0,0.1692,-0.16965251473730938,0.08281,0.176,44.1,44.5,50.0,28.7,72.6,50.1,68.2,2.4,21.6,71.7,27.7,44.1,False,False
Consumer Defensive,343337435136,22.329308,19.985075,6.62,147.82,147.82,167.25,137.62,160.78261,23.0,2.12,Procter & Gamble Company (The),Household & Personal Products,13280874496.0,0.30290002,0.015,PG,0.0,1236552.72,-1236552.72,0,3,False,7.0155,0.30000000000000426,147.82,22.329308,0.0,0.08769185495873368,0.11617339312406581,0.34424569692878804,0.34424569692878804,-3.6015668361656715e-06,0.0,7.0155,0.03868169659605947,0.30290002,0.015,50.1,17.5,29.1,30.8,45.0,50.1,98.6,60.7,74.6,13.2,50.9,44.0,False,False
Utilities,66460033024,20.832764,17.80412,5.86,122.08,122.08,140.58,112.54,142.525,20.0,2.0,American Electric Power Company,Utilities - Regulated Electric,-5995950080.0,0.10130999,0.07,AEP,0.0,0.0,0.0,0,0,False,0.157,5.0,122.08,20.088757,-0.03703598983252174,0.16747214941022287,0.1315976668089345,0.34022824536376567,0.34022824536376567,0.0,0.0,0.157,-0.0902188850528369,0.10130999,0.07,45.7,44.1,36.3,30.1,72.6,50.1,65.2,4.0,30.3,38.2,86.8,44.0,False,False
Financial Services,30769479680,14.448453,13.110158,11.64,168.18,168.18,195.78,121.12,182.61539,13.0,3.0,Northern Trust Corporation,Asset Management,,0.17066,0.364,NTRS,0.0,0.0,0.0,0,0,False,-0.0279,4.399999999999999,168.18,13.749459,-0.05083792751409352,0.08583297657271961,0.14097456328532024,0.630324136083579,0.630324136083579,0.0,0.0,-0.0279,0.0,0.17066,0.364,44.8,17.1,42.7,66.1,72.6,50.1,28.9,14.0,53.1,88.2,82.7,43.9,False,False
Technology,63310417920,99.87697,37.74413,4.47,446.45,446.45,637.51,152.54,512.9907,20.0,1.71429,Ciena Corporation,Communication Equipment,633368384.0,0.22396,0.37,CIEN,0.0,3299941.95,-3299941.95,0,5,False,0.4052,-15.399999999999999,446.45,37.183266,-1.6860730845967105,0.14904401388733332,0.299697259650829,0.6060374868548569,0.6060374868548569,-5.2123205918019e-05,0.0,0.4052,0.010004173164680951,0.22396,0.37,7.1,36.7,87.0,62.8,21.1,50.1,87.9,23.5,65.2,88.9,0.7,43.9,False,False
Utilities,35756650496,17.84577,15.353928,4.02,71.74,71.74,87.63,66.15,84.47222,18.0,2.27273,Public Service Enterprise Group,Utilities - Regulated Electric,107750000.0,0.11835,-0.089,PEG,0.0,1049350.86,-1049350.86,0,2,False,0.2142,-7.800000000000004,71.74,20.088757,0.11165384697520107,0.17747727906328406,0.18133059454524708,0.2602420856610797,0.2602420856610797,-2.9347012246501897e-05,0.0,0.2142,0.0030134254329010402,0.11835,-0.089,63.3,47.4,61.6,23.5,30.1,50.1,74.1,18.7,36.0,1.2,4.7,43.9,False,False
Utilities,18514544640,20.43257,17.590246,3.93,80.3,80.3,88.62,71.41,91.36364,11.0,1.92308,"Evergy, Inc.",Utilities - Regulated Electric,-1443362560.0,0.092539996,0.044,EVRG,133610.89,0.0,133610.89,1,0,False,0.2529,3.8999999999999986,80.3,20.088757,-0.017114697539524087,0.1377788293897884,0.09388399909726931,0.5165601394538057,0.5165601394538057,7.216536652559013e-06,0.0,0.2529,-0.07795830726950032,0.092539996,0.044,47.2,32.7,19.9,51.9,97.2,50.1,78.2,5.5,26.8,22.7,80.5,43.9,False,False
Utilities,52109320192,23.031792,14.385152,3.46,79.69,79.69,101.04,76.21,99.91667,18.0,1.6,DBA Sempra,Utilities - Diversified,-27657750528.0,0.06679,-0.001,SRE,0.0,0.0,0.0,0,0,False,,-0.29999999999999716,79.69,20.088757,-0.14650159788383116,0.2538169155477475,0.21130245447347593,0.14015304067660098,0.14015304067660098,0.0,0.0,0.0,-0.5307639866744244,0.06679,-0.001,39.1,71.6,69.9,14.0,72.6,50.1,37.9,0.2,15.2,7.1,45.0,43.8,False,False
Healthcare,622838284288,29.947857,21.356558,8.63,258.45,258.45,281.07,184.66,279.63635,22.0,1.91304,Johnson & Johnson,Drug Manufacturers - General,16885125120.0,0.25742,0.066,JNJ,0.0,13180839.78,-13180839.78,0,2,False,0.4057,3.799999999999997,258.45,27.553089999999997,-0.08691464369332086,0.08197465660669377,0.08047817269719289,0.7653770355772223,0.7653770355772223,-2.1162539478554577e-05,0.0,0.4057,0.027109966657400158,0.25742,0.066,42.4,16.1,15.9,80.8,33.2,50.1,88.3,42.9,70.1,35.7,80.0,43.7,False,False
Industrials,56998928384,36.34795,26.031872,6.84,248.62,248.62,261.16,179.24,280.27777,18.0,1.75,"AMETEK, Inc.",Specialty Industrial Machinery,1492221312.0,0.14562,0.15,AME,1023400.0,1678432.0,-655032.0,1,1,False,0.2514,5.599999999999994,248.62,28.691016,-0.26687566588788614,0.12733396347840065,0.048016541583703554,0.8469238281249998,0.8469238281249998,-1.1492005526613937e-05,0.0,0.2514,0.026179813450999494,0.14562,0.15,30.6,28.9,7.6,90.5,37.7,50.1,78.0,41.2,45.5,67.1,89.6,43.6,False,False
Utilities,90055606272,17.394579,16.10571,6.64,115.5,115.5,134.49,112.4,136.11111,18.0,2.04545,Duke Energy Corporation (Holdin,Utilities - Regulated Electric,-4477374976.0,0.098570004,0.011,DUK,0.0,0.0,0.0,0,0,False,,0.3999999999999986,115.5,20.088757,0.13411372341255362,0.1784511688311688,0.1412000892259648,0.14033499320959683,0.14033499320959683,0.0,0.0,0.0,-0.04971789277034828,0.098570004,0.011,66.6,47.9,43.1,14.2,72.6,50.1,37.9,7.3,29.6,11.4,51.9,43.5,False,False
Utilities,55957102592,28.114672,16.005623,5.93,166.72,166.72,217.1,132.66,210.25,20.0,1.33333,Vistra Corp.,Utilities - Independent Power Producers,37125000.0,0.42962003,-0.055,VST,1173069.25,13326775.83,-12153706.58,1,2,False,0.0463,-6.399999999999999,166.72,20.088757,-0.39952272806127315,0.2610964491362764,0.23205895900506676,0.40336333491236387,0.40336333491236387,-0.00021719685289312273,0.0,0.0463,0.0006634546515156351,0.42962003,-0.055,24.6,72.7,74.9,38.9,7.6,50.1,49.5,17.8,84.6,2.1,8.9,43.4,False,False
Industrials,15958214656,45.299004,16.493326,3.01,136.35,136.35,168.44,105.68,162.46667,15.0,1.9375,Jacobs Solutions Inc.,Engineering & Construction,645677888.0,0.07998,0.345,J,0.0,2478582.67,-2478582.67,0,1,False,0.1355,-6.899999999999999,136.35,28.691016,-0.5788567403817276,0.19154140080674734,0.19051294229399196,0.48868706182281696,0.48868706182281696,-0.00015531704037256435,0.0,0.1355,0.04046053408344378,0.07998,0.345,19.0,52.6,65.2,49.1,10.4,50.1,61.6,62.6,20.6,87.1,7.5,43.4,False,False
Utilities,20404465664,19.54054,15.658766,3.33,65.07,65.07,80.36,62.29,77.58333,12.0,2.26667,CMS Energy Corporation,Utilities - Regulated Electric,-2198874880.0,0.09158,-0.005,CMS,14491.0,0.0,14491.0,1,0,False,-0.4734,0.8999999999999986,65.07,20.088757,0.027289742217500117,0.19230567081604444,0.19026879044300654,0.15384615384615352,0.15384615384615352,7.101876735525967e-07,0.0,-0.4734,-0.10776439413846148,0.09158,-0.005,55.0,53.3,64.9,14.7,94.8,50.1,5.0,3.1,26.1,6.6,56.6,43.3,False,False
Financial Services,149492776960,34.81746,26.9509,2.52,87.74,87.74,98.75,58.95,105.18571,14.0,1.86667,"Interactive Brokers Group, Inc.",Capital Markets,,0.24018998,0.263,IBKR,6674.5,0.0,6674.5,1,0,False,-0.0524,-2.0,87.74,13.749459,-1.5322785427412087,0.19883416913608395,0.11149367088607601,0.7233668341708541,0.7233668341708541,4.4647642084981177e-08,0.0,-0.0524,0.0,0.24018998,0.263,7.6,55.0,28.2,78.0,94.1,50.1,25.6,14.0,68.0,82.5,29.7,43.3,False,False
Consumer Cyclical,68446171136,26.860317,23.175615,3.15,84.61,84.61,104.06,82.59,107.34615,26.0,1.58621,"O'Reilly Automotive, Inc.",Auto Parts,1570733824.0,,0.081,ORLY,0.0,550538.5,-550538.5,0,3,False,-0.0187,2.799999999999997,84.61,19.879007,-0.3511900770496231,0.2687170547216641,0.18691139727080533,0.09408476944573806,0.09408476944573806,-8.043379065077291e-06,0.0,-0.0187,0.022948454207599285,0.0,0.081,26.8,75.6,63.3,9.5,40.5,50.1,30.6,37.7,3.4,43.4,73.1,43.2,False,False
Utilities,16907955200,20.442005,17.685362,3.19,65.21,65.21,78.81,62.54,77.375,12.0,1.92308,Alliant Energy Corporation,Utilities - Regulated Electric,-1138625024.0,0.11135,0.01,LNT,0.0,6.65,-6.65,0,1,False,0.3085,-2.6000000000000014,65.21,20.088757,-0.017584363233623695,0.18655114246281257,0.17256693313031352,0.16410571604179436,0.16410571604179436,-3.933059865216582e-10,0.0,0.3085,-0.06734256215677695,0.11135,0.01,46.9,51.4,57.3,15.9,51.4,50.1,82.9,6.4,33.9,10.7,24.6,43.1,False,False
Consumer Cyclical,71064797184,36.318386,5.3814917,2.23,80.99,80.99,91.85,54.33,104.52174,23.0,1.625,General Motors Company,Auto Manufacturers,21933750272.0,0.03164,0.019,GM,0.0,42616345.61,-42616345.61,0,4,False,0.0044,-3.299999999999997,80.99,19.879007,-0.8269718401930234,0.2905511791579207,0.11823625476320088,0.7105543710021321,0.7105543710021321,-0.0005996829273945346,0.0,0.0044,0.3086443800748412,0.03164,0.019,14.5,80.1,30.3,75.8,2.6,50.1,43.8,99.8,9.5,14.0,20.3,43.1,False,False
Consumer Defensive,69521440768,34.334644,21.281008,2.54,87.21,87.21,99.33,74.55,98.35,20.0,2.04762,Colgate-Palmolive Company,Household & Personal Products,3458374912.0,2.67367,0.049,CL,0.0,0.0,0.0,0,0,False,-0.0289,4.5,87.21,22.329308,-0.5376492634702337,0.12773764476550856,0.12201751736635462,0.5108958837772396,0.5108958837772396,0.0,0.0,-0.0289,0.049745443618479414,2.67367,0.049,19.7,29.1,31.8,50.7,72.6,50.1,28.2,70.1,99.5,26.2,83.4,43.1,False,False
Utilities,25795770368,23.839573,15.122887,1.87,44.58,44.58,52.34,42.67,52.66667,12.0,2.125,FirstEnergy Corp.,Utilities - Regulated Electric,-2014625024.0,0.09491,0.088,FE,0.0,0.0,0.0,0,0,False,0.2562,0.0,44.58,20.088757,-0.18671219926648525,0.181396814715119,0.14826136797860154,0.19751809720785898,0.19751809720785898,0.0,0.0,0.2562,-0.07809904473716239,0.09491,0.088,35.8,48.8,46.2,18.7,72.6,50.1,78.4,5.2,28.3,46.0,47.0,43.0,False,False
Utilities,106146947072,29.285437,22.491472,10.23,299.59,299.59,412.7,228.63,341.532,20.0,1.54545,Constellation Energy Corporatio,Utilities - Independent Power Producers,-6625124864.0,0.15055001,0.23,CEG,417930.9,0.0,417930.9,1,0,False,,-7.600000000000001,299.59,20.088757,-0.4578023418771007,0.13999799726292603,0.27407317664162834,0.38550551420655177,0.38550551420655177,3.937286106933583e-06,0.0,0.0,-0.06241465295752825,0.15055001,0.23,22.0,33.4,82.2,36.3,96.4,50.1,37.9,7.1,48.3,78.8,5.2,42.9,False,False
Real Estate,11087180800,31.617163,87.88991,3.03,95.8,95.8,119.81,95.45,115.42045,22.0,2.58333,Camden Property Trust,REIT - Residential,139679632.0,0.07885,-0.008,CPT,0.0,0.0,0.0,0,0,False,-0.1023,5.0,95.8,29.072845,-0.0875152741329581,0.2048063674321504,0.2004006343377014,0.01436781609195379,0.01436781609195379,0.0,0.0,-0.1023,0.012598300191875647,0.07885,-0.008,42.2,57.1,66.6,2.1,72.6,50.1,21.6,25.4,19.7,5.7,86.8,42.9,False,False
Financial Services,47850299392,15.36067,11.2941265,11.34,174.19,174.19,195.93,104.64,198.25,14.0,2.0625,State Street Corporation,Asset Management,,0.12437,0.184,STT,0.0,0.0,0.0,0,0,False,-0.1723,4.300000000000004,174.19,13.749459,-0.11718359245989249,0.13812503588036054,0.11095799520236824,0.7618578157519991,0.7618578157519991,0.0,0.0,-0.1723,0.0,0.12437,0.184,40.5,32.9,27.7,80.3,72.6,50.1,15.4,14.0,38.6,72.7,82.5,42.9,False,False
Financial Services,82818359296,28.648561,12.167173,3.13,89.67,89.67,144.84,82.67,124.82857,21.0,1.6087,KKR & Co. Inc.,Asset Management,,0.0728,0.078,KKR,0.0,1085800.0,-1085800.0,0,1,False,-0.1335,-1.6999999999999957,89.67,13.749459,-1.0836136898186322,0.3920884353741496,0.38090306545153274,0.11259449895447965,0.11259449895447965,-1.3110619544143064e-05,0.0,-0.1335,0.0,0.0728,0.078,11.1,91.7,94.5,11.4,37.0,50.1,18.7,14.0,18.2,41.6,32.0,42.9,False,False
Consumer Defensive,39202590720,22.28493,14.253945,3.65,81.34,81.34,88.75,55.58,80.4,10.0,3.0,Archer-Daniels-Midland Company,Farm Products,1164625024.0,0.07642,0.072,ADM,0.0,0.0,0.0,0,0,False,7.261,-2.6000000000000014,81.34,22.329308,0.0019874328393876695,-0.011556429800835969,0.08349295774647883,0.7766053662948449,0.7766053662948449,0.0,0.0,7.261,0.02970785865450068,0.07642,0.072,51.7,5.5,16.4,82.9,72.6,50.1,98.8,46.9,19.0,39.5,24.6,42.9,False,False
Healthcare,1060030775296,39.90332,24.97707,29.79,1188.72,1188.72,1292.65,783.85,1329.2131,29.0,1.63333,Eli Lilly and Company,Drug Manufacturers - General,11065900032.0,1.02286,0.477,LLY,0.0,0.0,0.0,0,0,False,-0.1495,6.5,1188.72,27.553089999999997,-0.44823393673813006,0.11818855575745332,0.08040072718833409,0.7957350628930817,0.7957350628930817,0.0,0.0,-0.1495,0.010439225246936806,1.02286,0.477,22.3,25.8,15.6,85.5,72.6,50.1,16.8,23.9,96.0,92.2,92.2,42.8,False,False
Technology,198710607872,48.703087,25.084229,8.42,410.08,410.08,445.91,223.47,470.71875,32.0,1.41176,"Analog Devices, Inc.",Semiconductors,4147339008.0,0.12227,0.396,ADI,0.0,6506295.8,-6506295.8,0,4,False,0.3267,-2.0,410.08,37.183266,-0.3098119729450337,0.14787053745610618,0.08035253750756888,0.8389228556015104,0.8389228556015104,-3.2742569053943255e-05,0.0,0.3267,0.020871251174831695,0.12227,0.396,28.7,36.0,15.4,89.6,27.7,50.1,84.8,33.6,37.7,90.3,29.7,42.8,False,False
Financial Services,98458501120,48.24229,31.86042,2.27,109.51,109.51,153.56,63.515,134.32643,28.0,1.7,"Robinhood Markets, Inc.",Capital Markets,,0.23618999,0.323,HOOD,0.0,44073158.05,-44073158.05,0,3,False,-0.2648,8.0,109.51,13.749459,-2.5086682319646174,0.22661336864213297,0.2868585569158635,0.5108001554778167,0.5108001554778167,-0.00044763181999169557,0.0,-0.2648,0.0,0.23618999,0.323,4.5,63.5,84.8,50.5,4.3,50.1,10.2,14.0,67.1,86.0,97.3,42.8,False,False
Communication Services,33811140608,62.027775,38.160664,2.88,178.64,178.64,226.94,171.19,231.42105,19.0,1.5,"TKO Group Holdings, Inc.",Entertainment,856147520.0,0.07063,0.182,TKO,0.0,12318809.81,-12318809.81,0,4,False,0.2185,-2.6000000000000014,178.64,21.6095,-1.870393808278766,0.29546042319749233,0.2128315854410858,0.1336322869955155,0.1336322869955155,-0.0003643417402808726,0.0,0.2185,0.025321462234179356,0.07063,0.182,5.9,81.5,70.6,12.6,5.0,50.1,75.4,40.3,17.3,72.5,24.6,42.7,False,False
Consumer Cyclical,47881998336,22.652632,16.029652,4.75,107.6,107.6,119.31,78.03,116.11111,27.0,2.53125,eBay Inc.,Internet Retail,1579624960.0,0.46611,0.148,EBAY,0.0,2370947.88,-2370947.88,0,1,False,0.2061,-1.8000000000000043,107.6,19.879007,-0.13952532940905946,0.07909953531598515,0.09814768250775298,0.7163275193798447,0.7163275193798447,-4.951647722307794e-05,0.0,0.2061,0.03298995478249206,0.46611,0.148,39.6,15.2,22.5,76.8,21.6,50.1,72.7,52.4,87.7,66.6,31.2,42.6,False,False
Financial Services,129127219200,11.856182,11.451302,28.23,334.7,334.7,365.91,265.3,366.9565,23.0,2.44,Chubb Limited,Insurance - Property & Casualty,10488000512.0,0.14822,0.061,CB,0.0,4996819.08,-4996819.08,0,2,False,-0.8471,1.2999999999999972,334.7,13.749459,0.13769829052910368,0.09637436510307744,0.0852941980268373,0.6897922671702611,0.6897922671702611,-3.869686895572827e-05,0.0,-0.8471,0.08122222856635326,0.14822,0.061,66.8,20.6,16.8,73.7,24.9,50.1,1.7,89.8,46.2,33.2,60.0,42.5,False,False
Real Estate,101806489600,66.39447,55.688572,15.54,1031.77,1031.77,1128.68,720.62,1234.1936,31.0,1.5,"Equinix, Inc.",REIT - Specialty,3785999872.0,0.10735,0.167,EQIX,0.0,4884197.58,-4884197.58,0,3,False,0.4883,-4.5,1031.77,29.072845,-1.2837279942847009,0.19619062387935304,0.08586136017294546,0.762510415135029,0.762510415135029,-4.797530687081072e-05,0.0,0.4883,0.037188197794416435,0.10735,0.167,9.5,54.3,17.1,80.6,22.0,50.1,91.5,58.5,32.0,70.5,15.5,42.3,False,False
Financial Services,96836108288,16.653442,13.937092,8.57,142.72,142.72,165.84,103.11,163.35715,14.0,2.0625,The Bank of New York Mellon Cor,Banks - Diversified,,0.14124,0.131,BNY,0.0,523733.38,-523733.38,0,1,False,,7.100000000000001,142.72,13.749459,-0.21120707367468047,0.14459886491031385,0.13941148094548966,0.6314363143631436,0.6314363143631436,-5.4084513438144994e-06,0.0,0.0,0.0,0.14124,0.131,34.6,34.6,41.0,66.6,43.4,50.1,37.9,14.0,43.6,62.2,94.9,42.1,False,False
Financial Services,31284893696,11.449789,10.300166,18.92,216.63,216.63,255.95,174.76,252.92105,19.0,2.66667,M&T Bank Corporation,Banks - Regional,,0.10742,0.062,MTB,0.0,5103903.72,-5103903.72,0,4,False,-0.0049,-4.100000000000001,216.63,13.749459,0.16725530800884594,0.1675255043161151,0.15362375463957803,0.5157039044217269,0.5157039044217269,-0.00016314275412265732,0.0,-0.0049,0.0,0.10742,0.062,70.1,44.3,48.6,51.7,9.7,50.1,32.5,14.0,32.2,33.8,16.9,42.0,False,False
Consumer Defensive,75787173888,21.830883,17.657906,2.72,59.38,59.38,66.65,51.2,69.0,22.0,1.86957,"Mondelez International, Inc.",Confectioners,2252375040.0,0.13340001,0.041,MDLZ,0.0,8559806.4,-8559806.4,0,1,False,0.0768,-0.3999999999999986,59.38,22.329308,0.02232156052484927,0.16200740990232396,0.10907726931732938,0.5294498381877022,0.5294498381877022,-0.00011294531727294484,0.0,0.0768,0.02971973916494908,0.13340001,0.041,54.3,41.5,26.8,53.8,13.3,50.1,53.4,47.2,42.4,21.3,43.8,41.9,False,False
Utilities,25380491264,22.798815,18.458368,1.69,38.53,38.53,45.26,36.37,45.05882,17.0,2.15789,"CenterPoint Energy, Inc (Holdin",Utilities - Regulated Electric,-5191875072.0,0.09825,0.107,CNP,40700.0,0.0,40700.0,1,0,False,,-1.2999999999999972,38.53,20.088757,-0.13490421532800662,0.16944770308850235,0.14869642068051253,0.24296962879640085,0.24296962879640085,1.6035938617834943e-06,0.0,0.0,-0.204561646108254,0.09825,0.107,39.8,45.3,46.4,21.8,95.5,50.1,37.9,1.7,29.4,55.3,35.2,41.8,False,False
Consumer Defensive,84004143104,39.703705,32.77761,1.08,42.88,42.88,50.17,32.94,50.02174,23.0,2.04,Monster Beverage Corporation,Beverages - Non-Alcoholic,1681231104.0,0.25704,0.202,MNST,0.0,0.0,0.0,0,0,False,-0.0605,-5.399999999999999,42.88,22.329308,-0.7780983181386543,0.16655177238805965,0.14530595973689453,0.5769007544979688,0.5769007544979688,0.0,0.0,-0.0605,0.020013668872481426,0.25704,0.202,15.4,43.4,44.5,60.0,72.6,50.1,24.6,32.7,69.9,75.4,12.2,41.7,False,False
Financial Services,23279597568,15.488605,10.52966,7.02,108.73,108.73,121.18,77.9,111.58333,12.0,3.0,Principal Financial Group Inc,Asset Management,1056374976.0,0.12949,0.064,PFG,0.0,0.0,0.0,0,0,False,0.021,1.7999999999999972,108.73,13.749459,-0.1264883221950769,0.026242343419479442,0.10273972602739728,0.7123382624768946,0.7123382624768946,0.0,0.0,0.021,0.04537771638510139,0.12949,0.064,40.0,7.8,25.1,76.3,72.6,50.1,46.7,66.8,41.2,34.8,64.2,41.6,False,False
Healthcare,25300766720,25.55037,15.727188,12.21,311.97,311.97,341.8,244.52,344.1875,16.0,1.72222,Labcorp Holdings Inc.,Diagnostics & Research,892049984.0,0.11728,0.058,LH,0.0,954060.0,-954060.0,0,1,False,0.1893,-6.600000000000001,311.97,27.553089999999997,0.0726858584645133,0.10327114786678196,0.0872732592159157,0.6933593750000002,0.6933593750000002,-3.770873865438336e-05,0.0,0.1893,0.03525782415498276,0.11728,0.058,59.0,22.3,17.5,73.9,25.4,50.1,71.3,56.2,35.8,31.3,8.1,41.6,False,False
Consumer Cyclical,96182943744,36.58998,25.960993,4.39,160.63,160.63,193.453,110.81,183.58974,39.0,2.0,"Airbnb, Inc.",Travel Services,3206874880.0,0.34542,0.165,ABNB,0.0,5686764.58,-5686764.58,0,2,False,0.096,-3.6999999999999957,160.63,19.879007,-0.8406341926435257,0.14293556620805586,0.16966911859728206,0.6028338758273537,0.6028338758273537,-5.912445968732109e-05,0.0,0.096,0.033341409143552526,0.34542,0.165,13.7,34.4,55.2,62.6,19.9,50.1,56.2,53.1,78.9,69.9,18.4,41.5,False,False
Financial Services,97183481856,22.923664,20.860266,11.79,270.27,270.27,329.16,218.31,285.1875,16.0,2.47059,CME Group Inc.,Financial Data & Stock Exchanges,2909012480.0,0.15802,0.008,CME,78625.74,0.0,78625.74,1,0,False,0.3138,0.30000000000000426,270.27,13.749459,-0.6672411619977192,0.05519480519480527,0.1789099526066352,0.46874154262516887,0.46874154262516887,8.090442789084506e-07,0.0,0.3138,0.029933198774565215,0.15802,0.008,17.3,12.1,60.0,46.4,95.0,50.1,83.6,47.4,49.8,10.2,50.9,41.5,False,False
Technology,255843237888,93.64474,39.08952,3.04,284.68,284.68,329.88,70.69,330.15643,43.0,1.41304,"Marvell Technology, Inc.",Semiconductors,2408049920.0,0.16523,0.365,MRVL,0.0,8099225.0,-8099225.0,0,2,False,0.3777,-8.899999999999999,284.68,37.183266,-1.5184646233066237,0.15974578474076154,0.1370195222505153,0.8256105559628073,0.8256105559628073,-3.1656982873026263e-05,0.0,0.3777,0.009412208584751289,0.16523,0.365,7.8,40.8,40.3,88.4,28.0,50.1,87.0,23.2,51.4,88.5,3.1,41.4,False,False
Consumer Defensive,34221385728,188.9,24.084925,0.5,94.45,94.45,121.64,66.22,107.34,28.0,2.23333,"Estee Lauder Companies, Inc. (T",Household & Personal Products,1812125056.0,0.04745,0.063,EL,0.0,0.0,0.0,0,0,False,,5.799999999999997,94.45,22.329308,-7.459733727529756,0.13647432503970355,0.22352844459059518,0.5093828942619993,0.5093828942619993,0.0,0.0,0.0,0.05295300051269741,0.04745,0.063,2.1,32.0,73.7,50.2,72.6,50.1,37.9,73.9,12.3,34.2,90.4,41.4,False,False
Healthcare,106135707648,24.236687,18.040144,37.56,910.33,910.33,999.0,723.68,977.3333,12.0,1.6,McKesson Corporation,Medical Distribution,6801249792.0,,0.077,MCK,0.0,367540.78,-367540.78,0,2,False,0.0165,-8.799999999999997,910.33,27.553089999999997,0.12036410435272406,0.07360330869025514,0.08875875875875872,0.6779383989539447,0.6779383989539447,-3.462932392357078e-06,0.0,0.0165,0.06408069388444089,0.0,0.077,64.7,14.7,18.5,73.0,45.5,50.1,46.0,81.3,3.4,41.2,3.7,41.2,False,False
Industrials,49171959808,41.376404,29.634905,10.68,441.9,441.9,497.36,332.71,477.1154,26.0,2.32143,"Rockwell Automation, Inc.",Specialty Industrial Machinery,1303874944.0,0.30629,0.079,ROK,0.0,0.0,0.0,0,0,False,0.1439,1.0,441.9,28.691016,-0.4421379849357722,0.0796908802896584,0.1115087662859901,0.6631642878833889,0.6631642878833889,0.0,0.0,0.1439,0.02651663568202679,0.30629,0.079,22.7,15.4,28.4,71.1,72.6,50.1,62.6,41.7,75.1,42.1,57.5,41.1,False,False
Energy,674559164416,21.113256,14.400975,7.77,164.05,164.05,176.41,110.39,173.63635,22.0,2.4,ExxonMobil Holdings Corporation,Oil & Gas Integrated,20671000576.0,0.12584,0.441,XOM,0.0,0.0,0.0,0,0,False,,1.3999999999999986,164.05,16.9539385,-0.24533045817053073,0.058435537945748135,0.07006405532566173,0.8127840048470163,0.8127840048470163,0.0,0.0,0.0,0.0306437176550643,0.12584,0.441,32.2,12.8,11.8,87.7,72.6,50.1,37.9,48.6,39.6,91.5,61.0,41.0,False,False
Technology,46309711872,33.25388,21.134525,7.09,235.77,235.77,238.075,93.69,206.0625,16.0,2.3,"NetApp, Inc.",Software - Infrastructure,1171374976.0,1.14818,0.299,NTAP,0.0,22298690.69,-22298690.69,0,3,False,0.1285,-6.200000000000003,235.77,37.183266,0.10567619315635159,-0.12600203588242784,0.009681822954951081,0.984035737784396,0.984035737784396,-0.00048151218801865064,0.0,0.1285,0.025294369769297623,1.14818,0.299,62.8,0.9,1.2,99.1,4.0,50.1,59.7,40.0,96.7,84.2,9.2,40.9,False,False
Industrials,102810230784,34.818928,26.564888,13.42,467.27,467.27,505.87,348.06,526.67365,22.0,1.88,Trane Technologies plc,Building Products & Equipment,3121687552.0,0.36643,0.106,TT,0.0,20863029.15,-20863029.15,0,2,False,0.2587,-5.399999999999999,467.27,28.691016,-0.21358295572384045,0.12712917585122085,0.07630418882321549,0.7554020657752992,0.7554020657752992,-0.00020292755877411025,0.0,0.2587,0.030363588605870705,0.36643,0.106,34.4,28.7,14.5,80.1,8.3,50.1,78.9,48.1,80.3,54.9,12.2,40.9,False,False
Utilities,33621139456,20.03495,17.19982,5.15,103.18,103.18,119.91,99.8,120.26471,17.0,2.36842,"WEC Energy Group, Inc.",Utilities - Regulated Electric,-2353637376.0,0.11988,0.026,WEC,0.0,103468.4,-103468.4,0,1,False,0.249,-0.6999999999999957,103.18,20.088757,0.002678463381283501,0.16558160496220184,0.13952130764740214,0.16807558428642516,0.16807558428642516,-3.077480468364528e-06,0.0,0.249,-0.07000468794581476,0.11988,0.026,51.9,42.9,41.7,16.1,45.7,50.1,77.5,6.2,36.7,16.7,40.2,40.9,False,False
Financial Services,29404641280,21.94622,18.571615,12.83,281.57,281.57,371.18,227.15,313.33334,15.0,2.77778,"Cboe Global Markets, Inc.",Financial Data & Stock Exchanges,678249984.0,0.26297,0.229,CBOE,0.0,261376.15,-261376.15,0,1,False,0.128,-6.0,281.57,13.749459,-0.5961515285801428,0.1128079695990341,0.24141925750309826,0.3778379504269943,0.3778379504269943,-8.888941970456169e-06,0.0,0.128,0.023066085980831937,0.26297,0.229,18.5,24.4,77.0,34.4,39.6,50.1,59.5,37.9,70.6,78.4,10.0,40.9,False,False
Technology,4913422663680,38.608944,35.132553,8.72,336.67,336.67,345.34,243.42,328.09384,39.0,2.20455,Apple Inc.,Consumer Electronics,107721875456.0,1.4875101,0.164,AAPL,0.0,88580000.15,-88580000.15,0,4,False,0.164,-2.6000000000000014,336.67,37.183266,-0.03834192510146897,-0.025473490361481613,0.02510569294029061,0.9149332810047099,0.9149332810047099,-1.802816615081438e-05,0.0,0.164,0.021923999384844226,1.4875101,0.164,45.5,4.5,4.0,95.5,34.4,50.1,66.4,35.5,98.1,69.5,24.6,40.8,False,False
Healthcare,53758816256,32.11065,16.515768,7.23,232.16,232.16,258.3,151.87,270.33334,15.0,1.52941,"Cardinal Health, Inc.",Medical Distribution,4752500224.0,,0.058,CAH,0.0,49853770.06,-49853770.06,0,5,False,0.138,-6.399999999999999,232.16,27.553089999999997,-0.16541012278477668,0.16442686078566518,0.1012001548586915,0.7543925584891477,0.7543925584891477,-0.0009273598924238932,0.0,0.138,0.08840410847903622,0.0,0.058,37.2,42.7,24.9,79.9,1.4,50.1,61.8,91.0,3.4,31.3,8.9,40.8,False,False
Technology,45702475776,135.83928,14.63746,0.56,76.07,76.07,86.92,48.21,98.38738,42.0,1.59574,"Block, Inc.",Software - Infrastructure,-27105876.0,0.01612,0.093,XYZ,0.0,1359180.0,-1359180.0,0,1,False,0.1624,-1.6000000000000014,76.07,37.183266,-2.6532369157674314,0.29337951886420405,0.1248274275195583,0.7197106690777575,0.7197106690777575,-2.973974553723748e-05,0.0,0.1624,-0.0005930942588942689,0.01612,0.093,4.3,80.8,33.9,77.7,29.4,50.1,66.1,10.2,7.1,47.9,32.7,40.7,False,False
Utilities,26477125632,20.164818,15.211689,6.31,127.24,127.24,155.75,119.68,152.67857,14.0,1.88235,DTE Energy Company,Utilities - Regulated Electric,-2596624896.0,0.1103,-0.015,DTE,0.0,678560.0,-678560.0,0,1,False,0.1385,-6.900000000000006,127.24,20.088757,-0.0037862472028507917,0.19992588808550782,0.18304975922953454,0.20959245910729107,0.20959245910729107,-2.5628159545381273e-05,0.0,0.1385,-0.09807049798720387,0.1103,-0.015,48.8,55.9,61.8,19.4,32.0,50.1,62.1,3.6,32.9,4.5,7.1,40.6,False,False
Financial Services,30207725568,13.709677,11.029299,11.47,157.25,157.25,182.73,138.82,185.64285,14.0,2.4375,"Raymond James Financial, Inc.",Asset Management,,0.18416001,0.151,RJF,0.0,4090566.11,-4090566.11,0,3,False,-0.0743,-2.5,157.25,13.749459,0.0028933502038153394,0.1805586645468999,0.13944070486510146,0.4197221589615124,0.4197221589615124,-0.00013541456806444462,0.0,-0.0743,0.0,0.18416001,0.151,52.1,48.6,41.2,40.0,11.6,50.1,23.7,14.0,56.9,67.5,25.9,40.6,False,False
Utilities,19441367040,21.56383,18.009134,1.88,40.54,40.54,49.21,38.42,49.13333,15.0,1.625,NiSource Inc,Utilities - Regulated Gas,-1772999936.0,0.085489996,0.046,NI,0.0,1590388.94,-1590388.94,0,1,False,0.312,-6.599999999999994,40.54,20.088757,-0.07342778848885465,0.21197163295510613,0.176183702499492,0.1964782205746059,0.1964782205746059,-8.18043780937742e-05,0.0,0.312,-0.09119728732820633,0.085489996,0.046,43.4,58.8,59.0,18.5,16.6,50.1,83.4,3.8,22.7,23.7,8.3,40.6,False,False
Healthcare,159590858752,36.842106,9.665705,0.76,28.0,28.0,29.21,23.62,28.91346,26.0,2.46429,"Pfizer, Inc.",Drug Manufacturers - General,12485624832.0,0.05014,0.026,PFE,0.0,0.0,0.0,0,0,False,0.4194,1.8999999999999986,28.0,27.553089999999997,-0.33713155221428903,0.03262357142857145,0.041424169804861376,0.7835420393559926,0.7835420393559926,0.0,0.0,0.4194,0.07823521302935234,0.05014,0.026,27.3,9.0,6.2,83.9,72.6,50.1,88.6,88.2,12.8,16.7,65.6,40.5,False,False
Technology,64934756352,51.612995,27.496529,7.39,381.42,381.42,389.93,158.79,418.0,12.0,1.58333,Keysight Technologies Inc.,Scientific & Technical Instruments,1867124992.0,0.20897,0.365,KEYS,0.0,2495762.0,-2495762.0,0,4,False,0.5526,-5.5,381.42,37.183266,-0.3880705099976961,0.09590477688637193,0.02182443002590206,0.9631824868045341,0.9631824868045341,-3.843491744961526e-05,0.0,0.5526,0.028753861520302636,0.20897,0.365,25.4,20.1,3.3,96.9,25.1,50.1,93.6,45.3,61.6,88.5,11.7,40.5,False,False
Financial Services,56521441280,12.122581,14.877119,9.3,112.74,112.74,130.22,105.43,118.13333,15.0,3.2,AFLAC Incorporated,Insurance - Life,5152249856.0,0.16908,-0.01,AFL,0.0,6986583.24,-6986583.24,0,1,False,0.0233,0.7000000000000028,112.74,13.749459,0.11832305547440082,0.047838655313109865,0.13423437260021506,0.29487696651875717,0.29487696651875717,-0.00012360943177986845,0.0,0.0233,0.09115567011952884,0.16908,-0.01,64.5,10.9,38.9,25.8,12.8,50.1,46.9,91.2,52.4,5.2,55.5,40.4,False,False
Consumer Defensive,417667383296,45.387764,37.688885,20.76,942.25,942.25,1096.5,844.06,1057.9429,35.0,1.94872,Costco Wholesale Corporation,Discount Stores,7147500032.0,0.28402,0.111,COST,0.0,2748374.36,-2748374.36,0,2,False,213.0512,0.5,942.25,22.329308,-1.032654303483117,0.1227836561422128,0.1406748746010032,0.3889637141498971,0.3889637141498971,-6.580294439827572e-06,0.0,213.0512,0.017112899684902094,0.28402,0.111,11.8,27.0,42.4,37.0,41.5,50.1,99.8,29.4,73.0,57.8,53.1,40.1,False,False
Industrials,47707181056,37.962364,22.675907,7.44,282.44,282.44,306.64,186.06,329.58334,12.0,1.41667,Westinghouse Air Brake Technolo,Railroads,1101374976.0,0.11553001,0.175,WAB,0.0,3352664.7,-3352664.7,0,4,False,,1.5,282.44,28.691016,-0.32314463872593424,0.1669145305197565,0.07891990607878943,0.7993033670592139,0.7993033670592139,-7.027589192630247e-05,0.0,0.0,0.02308614660562685,0.11553001,0.175,28.2,43.6,15.2,86.3,18.2,50.1,37.9,38.4,35.3,71.1,62.3,39.9,False,False
Utilities,24574259200,16.901554,13.269683,3.86,65.24,65.24,76.57,62.72,73.25,12.0,2.6875,Eversource Energy (D/B/A),Utilities - Regulated Electric,811961344.0,0.09016,0.023,ES,0.0,213900.0,-213900.0,0,1,False,,-5.0,65.24,20.088757,0.1586560582120636,0.12277743715511964,0.14796917852945016,0.1819494584837543,0.1819494584837543,-8.70422983086302e-06,0.0,0.0,0.033041132080189016,0.09016,0.023,69.2,26.8,46.0,17.1,39.8,50.1,37.9,52.6,24.9,15.3,13.5,39.9,False,False
Utilities,28049760256,17.838028,17.465141,5.68,101.32,101.32,118.32,96.57,117.875,16.0,1.82353,Ameren Corporation,Utilities - Regulated Electric,-1786249984.0,0.11943,-0.062,AEE,0.0,876502.46,-876502.46,0,4,False,0.0564,0.30000000000000426,101.32,20.088757,0.11203923667352836,0.1633932096328465,0.14367816091954025,0.21839080459770116,0.21839080459770116,-3.1248126615004176e-05,0.0,0.0564,-0.06368147063281623,0.11943,-0.062,63.5,42.2,44.1,20.1,28.7,50.1,50.5,6.6,36.5,1.9,50.9,39.7,False,False
Consumer Defensive,369244766208,25.771772,24.345133,3.33,85.82,85.82,92.49,66.0,94.43478,23.0,1.75,Coca-Cola Company (The),Beverages - Non-Alcoholic,5218749952.0,0.42054,0.067,KO,0.0,33648554.57,-33648554.57,0,5,False,0.4305,-1.5,85.82,22.329308,-0.15416796615461606,0.1003819622465627,0.07211590442209971,0.7482068705171762,0.7482068705171762,-9.112804743465305e-05,0.0,0.4305,0.01413357867084896,0.42054,0.067,38.6,21.3,12.1,79.1,15.2,50.1,89.3,26.5,83.4,36.4,33.4,39.7,False,False
Healthcare,42484903936,32.06335,17.866104,8.05,258.11,258.11,277.4,154.5,290.8421,19.0,1.40909,"IQVIA Holdings, Inc.",Diagnostics & Research,2149750016.0,0.22818,0.087,IQV,0.0,3796021.47,-3796021.47,0,5,False,-0.1414,0.10000000000000142,258.11,27.553089999999997,-0.16369343692486044,0.12681453643795282,0.06953857245854349,0.8430431244914567,0.8430431244914567,-8.934988945057739e-05,0.0,-0.1414,0.05060032662986413,0.22818,0.087,37.7,28.2,11.6,89.8,15.6,50.1,17.5,71.6,65.6,45.6,48.6,39.5,False,False
Financial Services,85663186944,21.52186,17.270378,7.09,152.59,152.59,176.05,121.79,185.46667,15.0,1.8125,Intercontinental Exchange Inc.,Financial Data & Stock Exchanges,3633625088.0,0.14094,0.048,ICE,0.0,4073890.07,-4073890.07,0,5,False,-0.1742,-1.2000000000000028,152.59,13.749459,-0.5652877687769389,0.21545756602660718,0.1332575972735019,0.5676373018798377,0.5676373018798377,-4.7557068740195196e-05,0.0,-0.1742,0.04241758003207824,0.14094,0.048,19.2,59.5,37.9,58.3,22.5,50.1,14.9,64.9,43.4,25.1,36.0,39.3,False,False
Energy,87407550464,28.47012,27.01109,2.51,71.46,71.46,80.08,56.19,85.45833,24.0,1.4,"Williams Companies, Inc. (The)",Oil & Gas Midstream,-1516749952.0,0.21503,0.078,WMB,0.0,1260136.8,-1260136.8,0,1,False,0.1952,-7.200000000000003,71.46,16.9539385,-0.6792629040148991,0.19589042821158706,0.1076423576423577,0.6391795730431141,0.6391795730431141,-1.4416795726577473e-05,0.0,0.1952,-0.01735261935551774,0.21503,0.078,16.6,54.0,26.3,67.8,36.3,50.1,72.3,9.0,63.3,41.6,6.2,39.3,False,False
Healthcare,47677599744,33.35108,25.020308,5.07,169.09,169.09,177.05,108.35,176.5,20.0,1.81818,"Agilent Technologies, Inc.",Diagnostics & Research,1060374976.0,0.20971,0.081,A,0.0,95971.75,-95971.75,0,1,False,0.0623,6.899999999999999,169.09,27.553089999999997,-0.21042975579145592,0.04382281625170026,0.044959051115504134,0.8841339155749636,0.8841339155749636,-2.0129316600523203e-06,0.0,0.0623,0.022240527662750958,0.20971,0.081,35.1,10.0,7.1,93.6,47.2,50.1,51.4,36.3,62.3,43.4,93.4,39.3,False,False
Technology,215895408640,43.775,26.39123,2.0,87.55,87.55,89.93,59.005,101.28947,19.0,1.42105,Amphenol Corporation,Electronic Components,3818374912.0,0.38115,0.55,APH,0.0,180409597.16,-180409597.16,0,4,False,-0.6204,0.7000000000000028,87.55,37.183266,-0.17727689654803305,0.15693283837806965,0.02646502835538763,0.9230396119644297,0.9230396119644297,-0.0008356342466774193,0.0,-0.6204,0.017686225640708465,0.38115,0.55,36.3,39.1,4.3,96.0,1.7,50.1,4.0,30.1,81.5,95.5,55.5,39.2,False,False
Technology,138877321216,66.88339,50.10363,2.83,189.28,189.28,192.41,73.55,164.31944,36.0,2.79545,"Fortinet, Inc.",Software - Infrastructure,2265587456.0,1.17442,0.256,FTNT,0.0,0.0,0.0,0,0,False,0.1808,1.3999999999999986,189.28,37.183266,-0.7987497386593205,-0.1318710904480136,0.016267345772049246,0.9736664984014808,0.9736664984014808,0.0,0.0,0.1808,0.01631358839703039,1.17442,0.256,15.2,0.5,2.6,97.9,72.6,50.1,70.4,28.4,97.2,81.5,61.0,39.2,False,False
Industrials,105401245696,80.30585,35.454243,8.73,701.07,701.07,788.75,404.51,767.97174,29.0,1.45161,"Quanta Services, Inc.",Engineering & Construction,1955491328.0,0.15337,0.411,PWR,0.0,0.0,0.0,0,0,False,0.288,-7.0,701.07,28.691016,-1.7989894118772232,0.09542804570157032,0.11116323296354985,0.7718092858630025,0.7718092858630025,0.0,0.0,0.288,0.018552829381543175,0.15337,0.411,6.4,19.9,28.0,81.5,72.6,50.1,81.3,30.6,48.8,90.5,6.6,39.1,False,False
Financial Services,51386785792,26.801748,19.65631,3.43,91.93,91.93,101.79,76.55,109.0625,16.0,1.83333,"Nasdaq, Inc.",Financial Data & Stock Exchanges,1691500032.0,0.16521999,0.149,NDAQ,0.0,736272.16,-736272.16,0,2,False,-0.0283,-0.3999999999999986,91.93,13.749459,-0.9492947322509199,0.18636462525834865,0.09686609686609686,0.6093502377179082,0.6093502377179082,-1.432804462571824e-05,0.0,-0.0283,0.03291702343179705,0.16521999,0.149,12.3,51.2,21.6,63.5,36.5,50.1,28.6,52.1,51.2,66.8,43.8,39.1,False,False
Industrials,78780760064,38.89349,32.006374,5.07,197.19,197.19,219.17,161.16,218.3125,16.0,2.2,Cintas Corporation,Specialty Business Services,1623005312.0,0.41375,0.109,CTAS,0.0,0.0,0.0,0,0,False,-0.5736,3.3999999999999986,197.19,28.691016,-0.35559821234633165,0.10711750088746895,0.10028744809964864,0.6210998103775213,0.6210998103775213,0.0,0.0,-0.5736,0.020601544218175873,0.41375,0.109,26.5,22.7,23.9,65.4,72.6,50.1,4.5,33.4,82.9,56.8,77.1,39.0,False,False
Healthcare,244794900480,35.63294,24.020962,18.58,662.06,662.06,694.33,435.27,665.16,25.0,1.48148,Thermo Fisher Scientific Inc,Diagnostics & Research,6237250048.0,0.13515,0.105,TMO,0.0,0.0,0.0,0,0,False,0.1609,1.1999999999999957,662.06,27.553089999999997,-0.2932466013793735,0.004682355073558323,0.046476459320496155,0.8754342623330499,0.8754342623330499,0.0,0.0,0.1609,0.025479493387198193,0.13515,0.105,29.4,6.4,7.3,92.7,72.6,50.1,65.9,40.8,42.7,54.3,58.1,39.0,False,False
Energy,70856843264,20.529032,20.601603,1.55,31.82,31.82,34.81,25.6,36.09091,22.0,2.12,"Kinder Morgan, Inc.",Oil & Gas Midstream,1075000064.0,0.109910004,0.108,KMI,0.0,98356.8,-98356.8,0,1,False,0.1815,-7.0,31.82,16.9539385,-0.21087097254717546,0.13422093023255816,0.08589485779948296,0.6753528773072746,0.6753528773072746,-1.388105869090725e-06,0.0,0.1815,0.015171436017756829,0.109910004,0.108,34.8,30.8,17.3,72.3,47.9,50.1,70.6,27.7,32.7,55.9,6.6,38.9,False,False
Industrials,167528562688,43.87894,26.549757,9.83,431.33,431.33,478.0,311.92,481.54886,26.0,1.57143,"Eaton Corporation, PLC",Specialty Industrial Machinery,3106125056.0,0.19684,0.214,ETN,92162.1,8261223.87,-8169061.77,1,1,False,0.3238,-1.7000000000000028,431.33,28.691016,-0.5293616649894866,0.11642793220967707,0.09763598326359836,0.7189908477842003,0.7189908477842003,-4.876220292783033e-05,0.0,0.3238,0.018540868531085955,0.19684,0.214,20.4,25.1,22.3,77.3,21.8,50.1,84.5,30.3,59.0,76.8,31.6,38.9,False,False
Financial Services,876084985856,14.120822,13.167646,23.34,329.58,329.58,366.5,279.1,372.8095,21.0,2.08333,JP Morgan Chase & Co.,Banks - Diversified,,0.17789,0.304,JPM,0.0,882026.5,-882026.5,0,1,False,-0.2428,-1.0999999999999943,329.58,13.749459,-0.027009280874251165,0.13116542265914202,0.10073669849931792,0.5775743707093819,0.5775743707093819,-1.0067818924418556e-06,0.0,-0.2428,0.0,0.17789,0.304,46.2,30.1,24.2,60.2,48.8,50.1,11.4,14.0,54.3,84.8,36.8,38.9,False,False
Healthcare,49443590144,51.059525,25.397482,1.68,85.78,85.78,96.29,72.3,101.96154,26.0,1.58621,Edwards Lifesciences Corporatio,Medical Devices,1232412544.0,0.09175,0.136,EW,0.0,103702.61,-103702.61,0,2,False,,0.6999999999999957,85.78,27.553089999999997,-0.8531324435843677,0.18864000932618324,0.10914944438674841,0.5619007919966652,0.5619007919966652,-2.09739239602091e-06,0.0,0.0,0.024925628183768807,0.09175,0.136,13.5,51.9,27.0,57.3,46.7,50.1,37.9,39.6,26.3,63.3,54.5,38.8,False,False
Consumer Defensive,300329205760,27.685345,20.977057,6.96,192.69,192.69,207.76,142.11,208.13333,15.0,,Philip Morris International Inc,Tobacco,9714374656.0,,0.104,PM,0.0,0.0,0.0,0,0,False,0.0243,3.5,192.69,22.329308,-0.23986578536155265,0.08014598578026884,0.0725356180207932,0.7704493526275705,0.7704493526275705,0.0,0.0,0.0243,0.032345754158065405,0.0,0.104,32.7,15.6,12.3,81.0,72.6,50.1,47.2,50.9,3.4,53.6,77.8,38.7,False,False
Energy,60889833472,27.147226,23.579174,10.46,283.96,283.96,307.94,144.14,325.4762,21.0,1.36364,"Targa Resources, Inc.",Oil & Gas Midstream,65837500.0,0.70839995,0.042,TRGP,0.0,2127631.81,-2127631.81,0,3,False,0.4589,-8.599999999999994,283.96,16.9539385,-0.601234191099608,0.1462043949852093,0.07787231278820556,0.8536019536019535,0.8536019536019535,-3.494231612537395e-05,0.0,0.4589,0.0010812560364494208,0.70839995,0.042,18.2,35.5,14.9,91.2,26.1,50.1,90.5,18.2,91.9,21.8,4.0,38.7,False,False
Industrials,17170101248,33.51223,24.19633,6.95,232.91,232.91,243.8,159.27,255.92857,14.0,1.73333,IDEX Corporation,Specialty Industrial Machinery,555612480.0,0.12955,0.064,IEX,0.0,91859.04,-91859.04,0,1,False,0.0384,-0.3999999999999986,232.91,28.691016,-0.1680391520467592,0.09883032072474351,0.044667760459393004,0.8711699988169879,0.8711699988169879,-5.349941661567073e-06,0.0,0.0384,0.032359301321226545,0.12955,0.064,36.7,21.1,6.9,92.4,43.8,50.1,48.6,51.2,41.5,34.8,43.8,38.6,False,False
Technology,26597488640,31.945711,26.59801,9.21,294.22,294.22,312.48,208.86,324.4,5.0,1.8,"VeriSign, Inc.",Software - Infrastructure,832837504.0,,0.06,VRSN,0.0,3032514.64,-3032514.64,0,2,False,0.0976,-8.899999999999999,294.22,37.183266,0.14085785256195632,0.10257630344640048,0.05843573988735276,0.823779193205945,0.823779193205945,-0.00011401507416904757,0.0,0.0976,0.031312636891119655,0.0,0.06,67.3,22.0,9.5,88.2,13.0,50.1,56.4,49.3,3.4,32.6,3.1,38.5,False,False
Consumer Defensive,22949478400,31.009617,23.972883,3.12,96.75,96.75,106.04,81.33,104.84211,19.0,2.2381,"Church & Dwight Company, Inc.",Household & Personal Products,939262528.0,0.17041,0.016,CHD,0.0,0.0,0.0,0,0,False,0.0434,1.8999999999999986,96.75,22.329308,-0.38874061838369545,0.0836393798449613,0.08760844964164471,0.6240388506677457,0.6240388506677457,0.0,0.0,0.0434,0.040927401992718056,0.17041,0.016,25.1,16.4,18.0,65.6,72.6,50.1,49.3,63.7,52.8,13.5,65.6,38.4,False,False
Technology,18264279040,35.384968,17.389906,10.91,386.05,386.05,390.8,199.05,413.85266,15.0,1.9375,Zebra Technologies Corporation,Communication Equipment,576750016.0,0.15286,0.204,ZBRA,0.0,1502040.0,-1502040.0,0,2,False,-0.1372,-0.6000000000000014,386.05,37.183266,0.048363099680377795,0.07201828778655615,0.012154554759467757,0.9752281616688396,0.9752281616688396,-8.223921659926632e-05,0.0,-0.1372,0.03157803353402993,0.15286,0.204,55.7,14.2,1.9,98.1,16.4,50.1,18.0,49.8,48.6,75.6,41.2,38.4,False,False
Communication Services,1837541621760,27.17822,20.664398,26.54,721.31,721.31,779.82,520.26,794.9607,58.0,1.4127,"Meta Platforms, Inc.",Internet Content & Information,21553625088.0,0.29848,0.28,META,0.0,53268831.89,-53268831.89,0,3,False,0.0798,-3.5,721.31,21.6095,-0.2576977718133228,0.10210686112767053,0.07503013515939588,0.7745800585606407,0.7745800585606407,-2.898918384171295e-05,0.0,0.0798,0.011729598302843288,0.29848,0.28,31.0,21.8,13.3,82.7,30.8,50.1,53.9,24.9,74.2,82.8,19.5,38.3,False,False
Financial Services,16502337536,22.095238,10.229503,1.47,32.48,32.48,36.28,21.11,35.84615,13.0,2.61538,"Franklin Templeton, Inc.",Asset Management,-2990862592.0,0.07887,0.143,BEN,0.0,0.0,0.0,0,0,False,0.2162,2.8000000000000043,32.48,13.749459,-0.6069896277373531,0.10363762315270951,0.10474090407938269,0.7495056031641395,0.7495056031641395,0.0,0.0,0.2162,-0.18123872363387344,0.07887,0.143,18.0,22.5,25.8,79.4,72.6,50.1,75.0,1.9,19.9,65.2,73.8,38.3,False,False
Financial Services,698563887104,31.668085,24.799557,11.75,372.1,372.1,385.57,293.89,419.36163,37.0,1.45,Visa Inc.,Credit Services,20404000768.0,0.6119,0.144,V,0.0,12450380.71,-12450380.71,0,3,False,0.1341,-2.200000000000003,372.1,13.749459,-1.3032240759436429,0.12701324912657877,0.034935290608709105,0.8530759162303668,0.8530759162303668,-1.7822823280508955e-05,0.0,0.1341,0.029208496380463935,0.6119,0.144,9.2,28.4,5.5,91.0,34.6,50.1,61.4,46.0,90.3,65.4,28.2,38.2,False,False
Financial Services,60865978368,18.278627,8.614603,5.24,95.78,95.78,100.93,67.33,107.375,16.0,1.88889,"MetLife, Inc.",Insurance - Life,-20953999360.0,0.13094,0.105,MET,0.0,0.0,0.0,0,0,False,0.1026,0.6000000000000014,95.78,13.749459,-0.32940699703166504,0.12105867613280433,0.051025463192311556,0.8467261904761904,0.8467261904761904,0.0,0.0,0.1026,-0.3442645616129037,0.13094,0.105,27.7,26.1,8.1,90.3,72.6,50.1,57.6,0.5,41.9,54.3,54.0,38.2,False,False
Healthcare,25061373952,24.104034,18.829153,9.42,227.06,227.06,248.84,171.18,248.06667,15.0,2.11765,Quest Diagnostics Incorporated,Diagnostics & Research,909625024.0,0.14602,0.102,DGX,0.0,8316570.84,-8316570.84,0,3,False,-0.3279,-5.5,227.06,27.553089999999997,0.12517855529089475,0.09251594292257546,0.08752612120237904,0.7195467422096317,0.7195467422096317,-0.0003318481602775934,0.0,-0.3279,0.03629589605670475,0.14602,0.102,65.4,18.7,17.8,77.5,5.5,50.1,8.5,57.6,45.7,52.5,11.7,37.7,False,False
Utilities,49115525120,26.291561,20.139488,3.91,102.8,102.8,118.45,90.87,122.275,20.0,1.73913,Entergy Corporation,Utilities - Regulated Electric,-4400858112.0,0.10248999,0.059,ETR,0.0,1537157.24,-1537157.24,0,2,False,0.2564,-5.800000000000004,102.8,20.088757,-0.30876992538662296,0.18944552529182887,0.13212325875897007,0.43255982596084097,0.43255982596084097,-3.129676891867465e-05,0.0,0.2564,-0.08960217978424823,0.10248999,0.059,28.9,52.1,36.5,42.4,28.4,50.1,78.7,4.3,31.0,32.0,10.5,37.6,False,False
Technology,19619862528,43.22798,14.64712,1.93,83.43,83.43,92.8,51.93,75.11765,17.0,2.91667,"Skyworks Solutions, Inc.",Semiconductors,448812512.0,0.05094,-0.031,SWKS,0.0,0.0,0.0,0,0,False,0.1907,3.799999999999997,83.43,37.183266,-0.16256544005574977,-0.09963262615366185,0.10096982758620679,0.7707364815267925,0.7707364815267925,0.0,0.0,0.1907,0.022875415735430785,0.05094,-0.031,37.9,1.9,24.6,81.3,72.6,50.1,71.8,37.4,13.0,3.6,80.0,37.5,False,False
Technology,98072952832,70.7992,37.221066,5.03,356.12,356.12,416.69,262.75,406.2404,26.0,1.36,"Cadence Design Systems, Inc.",Software - Application,1609676544.0,0.23229,0.242,CDNS,0.0,437589.88,-437589.88,0,1,False,-0.0029,-8.900000000000006,356.12,37.183266,-0.9040608213382868,0.14074019993260703,0.1453598598478485,0.6065350136416786,0.6065350136416786,-4.461881358355714e-06,0.0,-0.0029,0.016413052707379912,0.23229,0.242,12.8,33.9,44.8,63.0,44.1,50.1,32.7,28.9,65.9,80.3,2.6,37.4,False,False
Technology,26425075712,37.183266,25.814915,12.55,466.65,466.65,472.25,223.76,436.1,10.0,,"F5, Inc.",Software - Infrastructure,717135488.0,0.1983,0.109,FFIV,0.0,3958979.99,-3958979.99,0,4,False,0.2499,-7.400000000000006,466.65,37.183266,0.0,-0.06546662380799305,0.01185812599258872,0.9774638818463519,0.9774638818463519,-0.00014981905948531195,0.0,0.2499,0.027138445914625654,0.1983,0.109,50.1,2.6,1.7,98.3,10.9,50.1,77.7,43.1,60.0,56.8,5.5,37.3,False,False
Consumer Defensive,34992377856,32.916668,10.759815,1.8,59.25,59.25,76.58,54.15,68.31818,22.0,2.0,Kroger Company (The),Grocery Stores,2535500032.0,0.14442,0.02,KR,0.0,4425332.43,-4425332.43,0,1,False,-0.3823,1.2000000000000028,59.25,22.329308,-0.4741463550952855,0.15304945147679322,0.2262992948550535,0.2273740526081142,0.2273740526081142,-0.00012646561054556073,0.0,-0.3823,0.07245863777631928,0.14442,0.02,21.8,37.9,73.9,20.4,12.1,50.1,6.6,85.8,45.0,14.2,58.9,37.2,False,False
Real Estate,18477459456,41.6874,42.55005,6.43,268.05,268.05,303.35,238.46,304.07,25.0,2.57692,"Essex Property Trust, Inc.",REIT - Residential,1043926720.0,0.0771,0.031,ESS,0.0,0.0,0.0,0,0,False,-0.3033,3.6000000000000014,268.05,29.072845,-0.43389475642992614,0.1343779145681775,0.11636723256963906,0.4560024657112035,0.4560024657112035,0.0,0.0,-0.3033,0.05649730811131701,0.0771,0.031,23.2,31.0,29.4,45.7,72.6,50.1,9.2,77.3,19.2,17.8,79.3,37.1,False,False
Healthcare,32823549952,39.598927,13.431986,5.61,222.15,222.15,230.49,138.0,238.18195,31.0,1.88571,Biogen Inc.,Drug Manufacturers - General,1266987520.0,0.04575,0.034,BIIB,0.0,239749.9,-239749.9,0,1,False,0.2759,5.600000000000001,222.15,27.553089999999997,-0.43718642809209446,0.07216722934953858,0.03618378237667579,0.9098280895231917,0.9098280895231917,-7.304203852130613e-06,0.0,0.2759,0.038599954052891836,0.04575,0.034,23.0,14.5,5.7,95.3,41.0,50.1,80.3,60.4,11.6,18.6,89.8,37.1,False,False
Healthcare,47613042688,37.477318,23.897171,10.58,396.51,396.51,428.88,163.11,423.73914,23.0,2.15385,Humana Inc.,Healthcare Plans,1940999936.0,0.06893,0.262,HUM,0.0,0.0,0.0,0,0,False,-0.1817,-1.1999999999999957,396.51,27.553089999999997,-0.3601856633865748,0.06867201331618378,0.07547565752658088,0.8782029574444068,0.8782029574444068,0.0,0.0,-0.1817,0.040766139410981055,0.06893,0.262,26.3,14.0,13.7,92.9,72.6,50.1,14.2,63.3,16.1,82.2,36.5,37.1,False,False
Industrials,18252126208,33.167004,25.240202,9.88,327.69,327.69,339.12,223.29,349.7143,7.0,,Nordson Corporation,Specialty Industrial Machinery,613806656.0,0.17763,0.103,NDSN,0.0,792641.61,-792641.61,0,4,False,-0.0022,-0.5999999999999943,327.69,28.691016,-0.15600660499439956,0.0672107784796606,0.03370488322717624,0.9013209013209013,0.9013209013209013,-4.3427357501647185e-05,0.0,-0.0022,0.033629323455530644,0.17763,0.103,38.4,13.5,5.2,94.5,23.7,50.1,33.2,53.6,54.0,53.0,41.7,36.4,False,False
Healthcare,40431763456,49.955223,43.834793,5.36,267.76,267.76,309.35,88.0,223.85,20.0,2.42857,"Illumina, Inc.",Diagnostics & Research,797625024.0,0.32339,0.094,ILMN,0.0,0.0,0.0,0,0,False,,-1.3000000000000007,267.76,27.553089999999997,-0.8130533816715294,-0.16399014042426052,0.13444318732826904,0.8121075220239439,0.8121075220239439,0.0,0.0,0.0,0.01972768328218031,0.32339,0.094,14.9,0.2,39.1,87.4,72.6,50.1,37.9,32.2,76.5,48.6,34.6,36.0,False,False
Real Estate,34459099136,82.67857,42.448402,1.4,115.75,115.75,134.68,77.77,145.09091,11.0,1.66667,Iron Mountain Incorporated (Del,REIT - Specialty,-436093504.0,,0.185,IRM,0.0,9191947.66,-9191947.66,0,2,False,,-5.799999999999997,115.75,29.072845,-1.8438417361630757,0.25348518358531325,0.1405553905553906,0.6673695308381654,0.6673695308381654,-0.0002667495056595086,0.0,0.0,-0.012655394799465485,0.0,0.185,6.2,71.3,42.2,71.6,6.9,50.1,37.9,9.2,3.4,73.0,11.0,35.7,False,False
Consumer Cyclical,17288992768,501.64,15.084305,0.25,125.41,125.41,151.57,90.78,139.22221,9.0,2.18182,Genuine Parts Company,Auto Parts,917241984.0,0.0070700003,0.06,GPC,0.0,0.0,0.0,0,0,False,-0.5838,4.5000000000000036,125.41,19.879007,-24.23466086610865,0.11013643250139538,0.17259352114534537,0.5696660634972858,0.5696660634972858,0.0,0.0,-0.5838,0.05305352349372907,0.0070700003,0.06,0.7,23.7,57.6,58.8,72.6,50.1,4.3,74.2,6.6,32.6,83.9,35.1,False,False
Technology,272210132992,68.085175,41.48989,3.17,215.83,215.83,217.3183,114.52,242.55206,29.0,1.28125,"Arista Networks, Inc.",Computer Hardware,3891512576.0,0.31476,0.377,ANET,0.0,82764379.08,-82764379.08,0,4,False,0.059,-1.6000000000000014,215.83,37.183266,-0.8310703260977667,0.12381068433489319,0.006848479856505325,0.9855221341208952,0.9855221341208952,-0.0003040459154488285,0.0,0.059,0.014295987196458877,0.31476,0.377,14.2,27.7,0.9,99.3,5.9,50.1,50.7,27.0,76.3,89.3,32.7,35.1,False,False
Utilities,98287017984,20.587952,17.35453,4.15,85.44,85.44,100.84,81.69,98.13158,19.0,2.6087,Southern Company (The),Utilities - Regulated Electric,-3913374976.0,0.114829995,0.001,SO,0.0,0.0,0.0,0,0,False,-0.9718,-1.2000000000000028,85.44,20.088757,-0.02484947177169798,0.14854377340823974,0.15271717572391913,0.19582245430809395,0.19582245430809395,0.0,0.0,-0.9718,-0.03981578703137634,0.114829995,0.001,46.4,36.5,47.9,18.2,72.6,50.1,0.7,7.8,34.8,8.2,36.0,34.9,False,False
Consumer Cyclical,28321181696,24.662565,22.870197,9.75,240.46,240.46,254.89,165.51,247.85,20.0,2.21739,"Williams-Sonoma, Inc.",Specialty Retail,1069320128.0,0.54960996,0.067,WSM,0.0,8792526.98,-8792526.98,0,3,False,0.0134,-4.799999999999997,240.46,19.879007,-0.2406336493568315,0.030732762205772212,0.056612656440032876,0.838554486462296,0.838554486462296,-0.0003104576311249693,0.0,0.0134,0.037756903630579354,0.54960996,0.067,32.5,8.5,8.5,89.1,5.7,50.1,44.8,59.5,89.1,36.4,14.8,34.4,False,False
Technology,95696936960,37.15979,15.309698,1.94,72.09,72.09,73.28,19.84,72.0281,21.0,1.95833,Hewlett Packard Enterprise Comp,Communication Equipment,4738625024.0,0.10936,0.337,HPE,0.0,17077550.0,-17077550.0,0,1,False,-0.7729,-7.299999999999997,72.09,37.183266,0.0006313592786605208,-0.0008586489110834859,0.016239082969432283,0.9777320359281437,0.9777320359281437,-0.00017845451006585697,0.0,-0.7729,0.04951699787403519,0.10936,0.337,51.2,6.2,2.4,98.6,9.0,50.1,2.6,69.7,32.5,86.6,5.9,34.1,False,False
Industrials,88812912640,34.840263,21.9047,4.57,159.22,159.22,166.35,122.64,173.6782,28.0,1.9,Emerson Electric Company,Specialty Industrial Machinery,3706249984.0,0.128,0.07,EMR,0.0,2727706.84,-2727706.84,0,2,False,-0.3315,0.20000000000000284,159.22,28.691016,-0.21432656828883295,0.09080643135284515,0.04286143672978657,0.8368794326241136,0.8368794326241136,-3.071295331858626e-05,0.0,-0.3315,0.041730981158372246,0.128,0.07,33.9,18.0,6.4,88.9,28.9,50.1,8.1,64.5,40.8,38.2,49.6,34.1,False,False
Healthcare,25791309824,46.924458,36.723137,7.81,366.48,366.48,386.0,223.83,411.0,16.0,1.35294,"West Pharmaceutical Services, I",Medical Instruments & Supplies,277937504.0,0.19087,0.138,WST,0.0,5443749.35,-5443749.35,0,1,False,0.1602,-2.1000000000000014,366.48,27.553089999999997,-0.7030561000599209,0.12148002619515384,0.05056994818652845,0.8796324844299194,0.8796324844299194,-0.00021106913092619828,0.0,0.1602,0.010776401272236526,0.19087,0.138,16.1,26.3,7.8,93.1,8.1,50.1,65.6,24.4,57.8,63.9,28.9,34.0,False,False
Consumer Cyclical,20247586816,29.551365,17.147436,7.69,227.25,227.25,259.98,191.5,258.9,10.0,2.0,Packaging Corporation of Americ,Packaging & Containers,432950016.0,0.14887,0.147,PKG,0.0,10196077.0,-10196077.0,0,2,False,,-1.2999999999999972,227.25,19.879007,-0.48656142633281424,0.13927392739273917,0.1258942995615048,0.5220502336448597,0.5220502336448597,-0.0005035699855324428,0.0,0.0,0.021382795882513527,0.14887,0.147,21.3,33.2,34.4,52.6,3.8,50.1,37.9,34.8,46.7,66.1,35.2,34.0,False,False
Consumer Cyclical,106681204736,54.092487,29.986574,1.73,93.58,93.58,110.51,77.99,111.56667,30.0,2.33333,Starbucks Corporation,Restaurants,3065537536.0,,-0.014,SBUX,0.0,627135.27,-627135.27,0,1,False,-0.1237,0.6999999999999993,93.58,19.879007,-1.721085967724645,0.19220634751015178,0.15319880553796042,0.4793972939729397,0.4793972939729397,-5.87859193708909e-06,0.0,-0.1237,0.028735497912553306,0.0,-0.014,6.9,53.1,48.1,48.1,42.7,50.1,19.9,45.0,3.4,4.9,54.7,33.8,False,False
Consumer Cyclical,72140054528,46.99853,30.657942,6.82,320.53,320.53,358.0,253.54,353.0,26.0,1.96429,Hilton Worldwide Holdings Inc.,Lodging,1393874944.0,,0.025,HLT,0.0,0.0,0.0,0,0,False,0.0993,5.300000000000001,320.53,19.879007,-1.3642292595399759,0.10130097026799373,0.10466480446927381,0.6412981045376218,0.6412981045376218,0.0,0.0,0.0993,0.019321789443047757,0.0,0.025,8.5,21.6,25.6,68.2,72.6,50.1,56.9,31.5,3.4,16.1,88.4,33.4,False,False
Utilities,25314099200,22.076256,19.400383,5.77,127.38,127.38,145.64,120.57,141.45454,11.0,2.61538,"American Water Works Company, I",Utilities - Regulated Water,-1785374976.0,0.10095,0.062,AWK,0.0,0.0,0.0,0,0,False,-0.4608,2.6999999999999993,127.38,20.088757,-0.09893588737222515,0.11049254200031412,0.12537764350453168,0.27163940965297184,0.27163940965297184,0.0,0.0,-0.4608,-0.07052887649267015,0.10095,0.062,41.7,23.9,34.1,23.7,72.6,50.1,5.2,5.9,30.1,33.8,72.0,33.2,False,False
Industrials,85792874496,383.27634,58.940533,0.76,291.29,291.29,351.28,75.7,283.77692,26.0,2.24138,Bloom Energy Corporation,Electrical Equipment & Parts,531637504.0,0.22213,1.655,BE,0.0,3926561.13,-3926561.13,0,2,False,,-0.8000000000000043,291.29,28.691016,-12.358758016795223,-0.025792440523189953,0.17077544978364825,0.7823136657232022,0.7823136657232022,-4.5767916660527226e-05,0.0,0.0,0.006196755932507974,0.22213,1.655,1.4,4.3,56.4,83.6,23.2,50.1,37.9,20.9,64.7,99.3,38.7,32.9,False,False
Utilities,11821578240,18.72169,17.47252,5.21,97.54,97.54,111.16,86.18,102.92857,14.0,2.52941,Pinnacle West Capital Corporati,Utilities - Regulated Electric,-929501376.0,0.09365,0.071,PNW,0.0,280799.7,-280799.7,0,2,False,,-6.899999999999999,97.54,20.088757,0.06805134832384115,0.05524472011482455,0.12252608852105065,0.45476381104883923,0.45476381104883923,-2.37531482090838e-05,0.0,0.0,-0.07862751970417108,0.09365,0.071,57.6,12.3,32.5,45.3,32.2,50.1,37.9,5.0,27.5,38.7,7.5,32.4,False,False
Healthcare,352287424512,113.32539,15.07916,1.26,142.79,142.79,156.92,82.01,156.28,25.0,1.77778,"Merck & Company, Inc.",Drug Manufacturers - General,15171500032.0,0.06961,0.051,MRK,0.0,12068494.55,-12068494.55,0,2,False,0.0297,3.5000000000000036,142.79,27.553089999999997,-3.1129829721457742,0.09447440296939569,0.09004588325261277,0.8113736483780537,0.8113736483780537,-3.425752300615803e-05,0.0,0.0297,0.043065687209857276,0.06961,0.051,3.6,19.4,19.2,87.2,26.8,50.1,47.9,65.2,16.6,27.6,78.4,32.2,False,False
Technology,96329990144,88.81096,27.049978,5.66,502.67,502.67,539.48,362.55,570.5712,25.0,1.32,"Synopsys, Inc.",Software - Infrastructure,3425542400.0,0.03661,0.424,SNPS,0.0,12088708.63,-12088708.63,0,3,False,0.0281,-17.0,502.67,37.183266,-1.388465822233044,0.13508106710167697,0.06823237191369468,0.7919516192844628,0.7919516192844628,-0.0001254926800254942,0.0,0.0281,0.03556049777311602,0.03661,0.424,8.3,31.3,11.4,85.3,12.3,50.1,47.6,56.6,10.7,90.8,0.5,32.1,False,False
Technology,466481676288,167.34483,82.81004,1.16,194.12,194.12,207.52,106.37,199.844,25.0,1.83871,Palantir Technologies Inc.,Software - Infrastructure,2159104512.0,0.38097,0.928,PLTR,0.0,3016254.93,-3016254.93,0,2,False,-0.0283,0.29999999999999716,194.12,37.183266,-3.5005414532440478,0.0294869153101174,0.06457208943716271,0.8675234799802274,0.8675234799802274,-6.4659665820138275e-06,0.0,-0.0283,0.004628487294894292,0.38097,0.928,3.1,8.3,10.9,92.2,41.9,50.1,28.6,19.7,81.3,98.1,50.2,31.7,False,False
Healthcare,49073209344,41.897675,13.543431,4.3,180.16,180.16,193.07,127.58648,194.07692,13.0,2.2,"Becton, Dickinson and Company",Medical Instruments & Supplies,4478374912.0,0.06607,0.054,BDX,0.0,813182.05,-813182.05,0,2,False,-0.2198,-2.6999999999999993,180.16,27.553089999999997,-0.5206161994897851,0.0772475577264654,0.0668669394520122,0.8028511601086809,0.8028511601086809,-1.6570794143493793e-05,0.0,-0.2198,0.09125905910507877,0.06607,0.054,20.9,14.9,11.1,86.7,35.8,50.1,12.3,91.7,14.9,29.3,23.7,31.5,False,False
Healthcare,11374026752,62.525864,31.363237,1.16,72.53,72.53,72.69,43.2,70.5,10.0,2.84615,Bio-Techne Corp,Biotechnology,229653120.0,0.09032,0.013,TECH,0.0,0.0,0.0,0,0,False,0.1464,1.8000000000000007,72.53,27.553089999999997,-1.2692868204618795,-0.02798841858541295,0.00220112807814,0.9945744320108513,0.9945744320108513,0.0,0.0,0.1464,0.02019101282310752,0.09032,0.013,10.0,4.0,0.2,100.0,72.6,50.1,64.0,32.9,25.4,12.4,64.9,31.0,False,False
Healthcare,479524913152,76.43943,16.68704,3.55,271.36,271.36,274.94,190.75,280.7857,28.0,1.7,AbbVie Inc.,Drug Manufacturers - General,16870250496.0,,0.102,ABBV,0.0,8177500.0,-8177500.0,0,1,False,0.1676,1.3999999999999986,271.36,27.553089999999997,-1.7742598017137101,0.03473503832547172,0.013021022768604002,0.957477135051669,0.957477135051669,-1.70533371170392e-05,0.0,0.1676,0.035181176271132465,0.0,0.102,6.6,9.2,2.1,96.7,35.3,50.1,67.5,55.9,3.4,52.5,61.0,31.0,False,False
Healthcare,45739249664,46.311478,27.559256,6.1,282.5,282.5,308.36,148.05,295.26923,26.0,1.96552,Veeva Systems Inc.,Health Information Services,1257709824.0,0.14425,0.176,VEEV,0.0,1338578.34,-1338578.34,0,1,False,-0.222,-1.0000000000000036,282.5,27.553089999999997,-0.6808088675353655,0.04520081415929201,0.08386301725256198,0.8386875428856589,0.8386875428856589,-2.9265419739789812e-05,0.0,-0.222,0.027497386451223443,0.14425,0.176,16.4,10.4,16.6,89.3,30.3,50.1,11.8,43.4,44.8,71.7,37.2,30.7,False,False
Industrials,177108844544,36.51306,28.923664,17.99,656.87,656.87,721.22,433.0,691.8339,23.0,1.96,Deere & Company,Farm & Heavy Construction Machinery,4516250112.0,0.18242,0.049,DE,0.0,23436012.24,-23436012.24,0,1,False,-0.0522,-2.200000000000003,656.87,28.691016,-0.2726304289816715,0.05322803598885619,0.08922381520201883,0.776733051141489,0.776733051141489,-0.00013232547646245684,0.0,-0.0522,0.0254998564505795,0.18242,0.049,30.3,11.4,18.7,83.2,11.8,50.1,25.8,41.0,55.7,26.2,28.2,30.7,False,False
Industrials,94453260288,44.04802,25.552158,3.54,155.93,155.93,160.41,104.49,165.75,20.0,2.04545,Johnson Controls International ,Building Products & Equipment,2984124928.0,0.14332,0.093,JCI,0.0,4072064.66,-4072064.66,0,2,False,-0.0271,-4.100000000000001,155.93,28.691016,-0.5352547989238164,0.06297697684858586,0.027928433389439497,0.9198855507868385,0.9198855507868385,-4.3111954500922014e-05,0.0,-0.0271,0.03159366779824247,0.14332,0.093,19.9,13.0,4.7,95.7,23.9,50.1,29.1,50.0,44.5,47.9,16.9,30.4,False,False
Healthcare,153595428864,38.946526,23.496151,5.61,218.49,218.49,242.8,160.93,239.04546,22.0,1.44,Danaher Corporation,Diagnostics & Research,4325125120.0,0.07605,0.055,DHR,0.0,12736095.36,-12736095.36,0,1,False,-0.6991,3.599999999999998,218.49,27.553089999999997,-0.4135084667454722,0.09407963751201419,0.10012355848434926,0.7030658360815928,0.7030658360815928,-8.29197551919145e-05,0.0,-0.6991,0.02815920468459808,0.07605,0.055,24.2,19.2,23.7,75.1,16.1,50.1,3.3,44.1,18.7,29.9,78.9,29.7,False,False
Industrials,57179807744,42.58975,35.522068,1.17,49.83,49.83,52.92,38.97,48.83846,13.0,2.72222,Fastenal Company,Industrial Distribution,916124992.0,0.34334,0.147,FAST,0.0,2528860.23,-2528860.23,0,3,False,-0.1978,-0.8000000000000007,49.83,28.691016,-0.48442808717544195,-0.019898454746136877,0.05839002267573702,0.7784946236559138,0.7784946236559138,-4.422645562786732e-05,0.0,-0.1978,0.01602182707751638,0.34334,0.147,21.6,5.0,9.2,83.4,23.5,50.1,13.3,28.0,78.2,66.1,39.1,29.5,False,False
Consumer Cyclical,1492178567168,349.82407,176.15654,1.08,377.81,377.81,498.83,297.38,396.56894,38.0,2.34884,"Tesla, Inc.",Auto Manufacturers,4835999744.0,0.046669997,0.255,TSLA,0.0,938419.17,-938419.17,0,1,False,-0.0111,-3.8999999999999986,377.81,19.879007,-16.59766320319722,0.04965178264206875,0.24260770202273316,0.39925539836187646,0.39925539836187646,-6.288920043805629e-07,0.0,-0.0111,0.003240898810909894,0.046669997,0.255,0.9,11.1,77.5,37.9,49.5,50.1,32.0,19.0,11.8,81.3,17.8,29.4,False,False
Basic Materials,103192223744,35.399017,16.743362,2.03,71.86,71.86,80.24,38.54,76.63636,22.0,1.78261,"Freeport-McMoRan, Inc.",Copper,2159249920.0,0.14755,-0.073,FCX,0.0,6919044.79,-6919044.79,0,3,False,-0.7186,-3.099999999999998,71.86,28.9105875,-0.2244309113400066,0.06646757584191479,0.10443668993020933,0.7990407673860912,0.7990407673860912,-6.70500599654177e-05,0.0,-0.7186,0.020924541032827072,0.14755,-0.073,33.4,13.3,25.4,86.0,18.5,50.1,3.1,33.9,46.0,1.4,21.6,28.7,False,False
Technology,1054350311424,164.7602,41.0803,3.92,645.86,645.86,658.52,188.22,636.208,50.0,1.49091,"Advanced Micro Devices, Inc.",Semiconductors,8841499648.0,0.10196,0.501,AMD,0.0,85474208.05,-85474208.05,0,4,False,0.1442,0.10000000000000142,645.86,37.183266,-3.4310308836238317,-0.014944415198340265,0.01922492862783206,0.9730810121199235,0.9730810121199235,-8.106812994113785e-05,0.0,0.1442,0.00838573247638986,0.10196,0.501,3.3,5.2,2.8,97.6,16.8,50.1,62.8,23.0,30.8,92.7,48.6,28.4,False,False
Technology,331756273664,1013.925,83.12445,0.4,405.57,405.57,432.33,139.57,396.92,50.0,1.70909,"Palo Alto Networks, Inc.",Software - Infrastructure,4240624896.0,0.01739,0.345,PANW,0.0,11029515.0,-11029515.0,0,3,False,0.2668,-2.5,405.57,37.183266,-26.268314730610268,-0.02132800749562339,0.06189716189022273,0.9085940702281733,0.9085940702281733,-3.324583700614687e-05,0.0,0.2668,0.01278235027529538,0.01739,0.345,0.5,4.7,10.2,95.0,27.5,50.1,79.9,25.6,7.3,87.1,25.9,28.2,False,False
Consumer Cyclical,92963184640,36.904762,27.094442,9.66,356.5,356.5,410.98,256.76,380.8,25.0,2.21429,Marriott International,Lodging,2060375040.0,,0.111,MAR,0.0,3696939.75,-3696939.75,0,3,False,-0.1338,-1.6000000000000014,356.5,19.879007,-0.8564690882195471,0.06816269284712485,0.13256119519198017,0.6467384256257295,0.6467384256257295,-3.976778295963506e-05,0.0,-0.1338,0.022163343994494204,0.0,0.111,13.3,13.7,36.7,68.7,24.4,50.1,18.5,36.0,3.4,57.8,32.7,27.4,False,False
Technology,97431412736,542.68,91.22328,0.5,271.34,271.34,292.72,98.01,287.08127,47.0,1.48936,"Datadog, Inc.",Software - Application,1051412352.0,0.04696,0.356,DDOG,0.0,29318193.05,-29318193.05,0,2,False,0.1319,-3.6000000000000014,271.34,37.183266,-13.594737320815227,0.05801308321662875,0.07303908171631611,0.8901956756201528,0.8901956756201528,-0.0003009110945505894,0.0,0.1319,0.01079130767454748,0.04696,0.356,1.2,12.6,12.6,93.8,6.2,50.1,60.7,24.6,12.1,87.8,18.8,26.7,False,False
Healthcare,17139672064,73.49283,26.06677,2.09,153.6,153.6,166.25,81.22,135.86667,15.0,2.38889,"Revvity, Inc.",Diagnostics & Research,604992128.0,0.03211,0.013,RVTY,0.0,1281439.15,-1281439.15,0,3,False,0.1994,-2.3999999999999986,153.6,27.553089999999997,-1.667317168419223,-0.11545136718749997,0.0760902255639098,0.8512289780077619,0.8512289780077619,-7.476450804980815e-05,0.0,0.1994,0.035297765659747925,0.03211,0.013,7.3,1.4,14.2,90.8,18.0,50.1,72.5,56.4,9.7,12.4,27.0,26.5,False,False
Healthcare,42808049664,110.37721,26.360577,3.95,435.99,435.99,454.54,282.77,453.26086,23.0,1.625,Waters Corporation,Diagnostics & Research,-142067632.0,0.019199999,1.134,WAT,0.0,1442930.44,-1442930.44,0,1,False,0.0055,-1.9000000000000021,435.99,27.553089999999997,-3.0059829950107235,0.039612972774604856,0.04081048972587673,0.8920067532165105,0.8920067532165105,-3.3706988552983564e-05,0.0,0.0055,-0.003318713025122321,0.019199999,1.134,3.8,9.7,5.9,94.1,27.3,50.1,44.1,9.7,7.8,99.1,30.6,25.9,False,False
Basic Materials,21460664320,83.27723,21.213274,1.01,84.11,84.11,89.32,59.14,96.29412,17.0,1.75,International Flavors & Fragran,Specialty Chemicals,-1720999936.0,-0.05548,0.018,IFF,0.0,1315661.78,-1315661.78,0,3,False,,0.0,84.11,28.9105875,-1.8805097786407836,0.14485935085007737,0.058329601433049647,0.8273691186216039,0.8273691186216039,-6.130573408083576e-05,0.0,0.0,-0.08019322749464636,-0.05548,0.018,5.7,35.1,9.0,88.6,19.2,50.1,37.9,4.7,0.2,13.7,47.0,25.4,False,False
Healthcare,30725662720,34.56119,29.619665,44.37,1533.48,1533.48,1585.72,1023.05,1471.5385,13.0,2.57143,"Mettler-Toledo International, I",Diagnostics & Research,693589632.0,,0.045,MTD,0.0,2885031.87,-2885031.87,0,3,False,-0.1991,-2.5,1533.48,27.553089999999997,-0.25434896775642973,-0.04039276677882979,0.032944025426935405,0.9071569481223453,0.9071569481223453,-9.389648959864649e-05,0.0,-0.1991,0.02257362642819507,0.0,0.045,31.3,3.8,5.0,94.8,14.7,50.1,13.0,37.0,3.4,23.1,25.9,24.4,False,False
Technology,50870476800,209.12329,36.163612,0.73,152.66,152.66,153.4366,56.78,145.84212,19.0,1.55,"Everpure, Inc.",Computer Hardware,-114351752.0,0.17714001,0.377,P,0.0,40845823.63,-40845823.63,0,3,False,,-8.799999999999997,152.66,37.183266,-4.624123765782166,-0.04466055286257044,0.005061373883415052,0.9919653701868263,0.9919653701868263,-0.0008029376998094109,0.0,0.0,-0.0022479001415610872,0.17714001,0.377,2.4,3.6,0.5,99.8,1.9,50.1,37.9,10.0,53.8,89.3,3.7,23.0,False,False
Technology,271793274880,5308.8,165.28947,0.05,265.44,265.44,286.99,85.68,237.77,50.0,1.71698,"CrowdStrike Holdings, Inc.",Software - Infrastructure,1995385472.0,0.01461,0.258,CRWD,0.0,95780777.77,-95780777.77,0,4,False,-0.0922,-4.5,265.44,37.183266,-141.77390264749738,-0.10424201326100056,0.07508972438064047,0.892951169837564,0.892951169837564,-0.00035240304533763154,0.0,-0.0922,0.007341555720541602,0.01461,0.258,0.2,1.7,13.5,94.3,5.2,50.1,22.3,22.0,6.9,81.8,15.5,20.5,False,False
